dataset,seed,evaluation,sampling,origin,feasible,FWHM,Inter sample RT tolerance,MS1 noise level,MZ tolerance option,Min consecutive,Min height,Chrom. Threshold,Top-to-edge ratio,MZ tolerance / m/z,MZ tolerance / ppm,Yasin isotope score,Origin,Rows (incl. isotopes),Single file rows / %,Evaluation,Rows without isotopes / %,Runtime / s,Total features,Median row height,Cache hit,Row height q10
thermo-20y-qc,42,1,GAUSSIAN,Estimate,true,0.030181679874658585,0.04613828659057617,5.0,2.0,5.0,434925.40625,0.85,1.7,0.003,7.0,3014.3277211944846,Estimate,7160,21.1,1,18.2,4.779,28866,1274859.4375,false,527478.6875
thermo-20y-qc,42,2,GAUSSIAN,Estimate,true,0.030181679874658585,0.04613828659057617,5.0,2.0,5.0,434925.40625,0.85,1.7,0.003,7.0,3014.3277211944846,Estimate,7160,21.1,2,18.2,4.779,28866,1274859.4375,true,527478.6875
thermo-20y-qc,42,3,GAUSSIAN,Perturbed,true,0.019576256080308885,0.05583964959996391,3.0,2.0,6.0,566255.3817233947,0.97,1.8817151342309542,0.003,7.0,2470.224145760018,Perturbed,4180,16.1,3,10.8,5.285,17618,1794847.75,false,694996.0625
thermo-20y-qc,42,4,GAUSSIAN,Perturbed,true,0.024902094451138827,0.023489764352177596,7.057118158833491,2.0,6.0,1102304.3452857148,0.703381326589576,1.5,0.003,7.0,1866.9969772284544,Perturbed,3484,18.0,4,11.3,2.431,14887,2708838.125,false,1284485.5
thermo-20y-qc,42,5,GAUSSIAN,Perturbed,true,0.029557214565883765,0.06998411108530922,3.0,1.0,5.0,427116.4338168183,0.7355563951200381,1.5162449766965662,0.001,5.0,3362.6363555765706,Perturbed,8736,22.1,5,14.9,4.138,33838,1085539.625,false,501555.90625
thermo-20y-qc,42,6,GAUSSIAN,Perturbed,true,0.03333659402380141,0.0516489195579371,6.009397847111248,1.0,6.0,1332030.2815142209,0.7827044172222793,1.5,0.001,5.0,1500.7639370713998,Perturbed,2844,15.8,6,9.1,1.705,12395,3338092.875,false,1557520.0625
thermo-20y-qc,42,7,GAUSSIAN,Perturbed,true,0.03671452794414544,0.06773844318732564,4.445114623878268,3.0,9.0,334055.6952089068,0.7117064142680194,1.5,0.005,15.0,1273.1149518148768,Perturbed,4639,25.3,7,14.4,1.622,17329,1088515.25,false,413618.40625
thermo-20y-qc,42,8,GAUSSIAN,Perturbed,true,0.029927673764644013,0.05879221657220782,3.1621204399788443,2.0,3.0,1009573.1944691526,0.6708704903821182,1.646488722812628,0.003,7.0,3694.405398856257,Perturbed,4698,16.4,8,9.8,1.916,20634,2260620.375,false,1135690.0625
thermo-20y-qc,42,9,GAUSSIAN,Perturbed,true,0.01729187648743391,0.01683259318472617,3.0,3.0,4.0,1035988.2866427376,0.9486182050156893,1.6886468750281196,0.005,15.0,3159.2852802514403,Perturbed,4373,16.0,9,9.6,3.102,19090,2468074.75,false,1187881.6875
thermo-20y-qc,42,10,GAUSSIAN,Perturbed,true,0.042653012873421506,0.13800647937954616,3.0,1.0,6.0,303108.0299861271,0.8136986264039631,1.632565491062404,0.001,5.0,2513.1031413983833,Perturbed,7275,20.5,10,14.3,3.998,28204,978132.875,false,378889.1875
thermo-20y-qc,42,11,GAUSSIAN,Perturbed,true,0.0415460504031595,0.05647870146424718,5.279557524084569,1.0,4.0,545304.8598045261,0.8265154310747097,1.5807030204417132,0.001,5.0,2246.3684342799697,Perturbed,6985,20.2,11,18.8,2.747,27853,1375129.125,false,642560.0
thermo-20y-qc,42,12,GAUSSIAN,Perturbed,true,0.020505485846502716,0.05408104817220428,4.6066907282047,2.0,5.0,458634.0503518928,0.8131184858290411,2.048354809551391,0.003,7.0,2722.0418710372055,Perturbed,6266,21.0,12,16.0,3.601,25077,1425394.4375,false,567007.90625
thermo-20y-qc,42,13,GAUSSIAN,Perturbed,true,0.01729187648743391,0.03802659879563827,3.0,2.0,6.0,216005.49332793558,0.8100810724391962,2.2049579033356785,0.003,7.0,3224.9018752725688,Perturbed,7395,24.0,13,14.2,2.926,27516,867802.4375,false,285798.765625
thermo-20y-qc,42,14,GAUSSIAN,Perturbed,true,0.02330840213219885,0.015258731015054067,3.0,3.0,3.0,369336.25315625797,0.915067331305756,1.5,0.005,15.0,4756.27343272351,Perturbed,10949,24.2,14,19.7,3.028,42526,894483.375,false,426895.28125
thermo-20y-qc,42,15,GAUSSIAN,Perturbed,true,0.04694007967642122,0.07033429792769624,6.566551486401897,2.0,7.0,482078.5097067614,0.8544672467102411,1.681077241704884,0.003,7.0,1873.8216860937923,Perturbed,4459,19.1,15,14.3,1.374,18445,1627241.5,false,601225.03125
thermo-20y-qc,42,16,GAUSSIAN,Perturbed,true,0.07637214960293222,0.04546300856394464,7.392443654499708,2.0,6.0,237626.23831407606,0.97,2.0305041571884885,0.003,7.0,1772.6489940032507,Perturbed,4514,19.4,16,15.5,1.614,17843,1340157.625,false,353807.609375
thermo-20y-qc,42,17,GAUSSIAN,Perturbed,true,0.02341129858588949,0.05093397288569119,4.371459012567112,2.0,10.0,314101.64472316334,0.8694428666808117,1.940377766217719,0.003,7.0,910.0121529400767,Perturbed,2774,23.1,17,13.2,1.382,10697,1302441.5,false,434665.390625
thermo-20y-qc,42,18,GAUSSIAN,Perturbed,true,0.04469496764319332,0.023801263294209944,7.506068752601084,1.0,4.0,472522.4078682131,0.8338017858137337,1.5760898536047172,0.001,5.0,1956.636189481017,Perturbed,7672,25.0,18,20.7,1.748,28710,1231440.625,false,558542.875
thermo-20y-qc,42,19,GAUSSIAN,Perturbed,true,0.02157636002818026,0.05833036745794067,3.6628274950305846,2.0,4.0,956848.9010252446,0.7086635828709362,1.9109676780492442,0.003,7.0,2865.1776251226693,Perturbed,4487,16.9,19,10.6,1.441,19361,2282860.25,false,1101605.1875
thermo-20y-qc,42,20,GAUSSIAN,Perturbed,true,0.027765481861850638,0.04603073274948684,7.132601649804022,4.0,3.0,334667.60150138143,0.8422867609300768,1.780991958355724,0.008,15.0,2648.552021412343,Perturbed,8295,22.9,20,20.4,6.4,32131,1063212.625,false,419597.421875
thermo-20y-qc,42,21,GAUSSIAN,Perturbed,true,0.01960951999852935,0.03656450301013509,3.290680186976376,1.0,6.0,507116.41843488545,0.8726062127848705,1.5,0.001,5.0,2581.2291513711943,Perturbed,5886,22.1,21,13.5,2.06,23155,1385711.0625,false,600988.96875
thermo-20y-qc,42,22,GAUSSIAN,Evolution,true,0.030181679874658585,0.04613828659057617,4.786186654930637,2.0,4.0,702949.88803116,0.8494385429645834,1.5091424328845229,0.003,7.0,3143.4170196813498,Evolution,6307,19.3,22,17.6,1.657,26675,1639582.875,false,808109.78125
thermo-20y-qc,42,23,GAUSSIAN,Evolution,true,0.029927673764644013,0.05879221657220782,3.1621204399788443,2.0,3.0,1009573.1944691526,0.6708704903821182,1.646488722812628,0.003,7.0,3694.405398856257,Evolution,4698,16.4,23,9.8,1.916,20634,2260620.375,true,1135690.0625
thermo-20y-qc,42,24,GAUSSIAN,Evolution,true,0.0415460504031595,0.05647870146424718,5.279557524084569,1.0,5.0,545304.8598045261,0.8265154310747097,1.5807030204417132,0.001,5.0,2159.053881098163,Evolution,6351,20.9,24,16.8,1.493,25315,1471460.125,false,648967.75
thermo-20y-qc,42,25,GAUSSIAN,Evolution,true,0.03333659402380141,0.0516489195579371,6.009397847111248,1.0,4.0,1332030.2815142209,0.7827044172222793,1.5,0.001,5.0,2120.31198696282,Evolution,3764,16.4,25,10.8,1.124,16568,2939123.75,false,1510935.5
thermo-20y-qc,42,26,GAUSSIAN,Evolution,true,0.042653012873421506,0.13800647937954616,3.0,1.0,6.0,303108.0299861271,0.8136986264039631,1.5,0.001,5.0,2581.9919328065866,Evolution,7756,20.9,26,14.6,2.574,30122,937747.875,false,373599.90625
thermo-20y-qc,42,27,GAUSSIAN,Evolution,true,0.024257001826126584,0.010505628193910349,3.0,3.0,4.0,1035988.2866427376,0.9486182050156893,1.6886468750281196,0.005,15.0,3130.935204616999,Evolution,4399,16.8,27,9.6,1.438,19060,2469399.0,false,1188110.3125
thermo-20y-qc,42,28,GAUSSIAN,Evolution,true,0.029927673764644013,0.05879221657220782,3.5038694580632668,2.0,3.0,1009573.1944691526,0.6708704903821182,1.637841740186916,0.003,7.0,3467.243438032627,Evolution,4705,17.2,28,10.6,1.678,20535,2277278.0,false,1138515.75
thermo-20y-qc,42,29,GAUSSIAN,Evolution,true,0.020505485846502716,0.05408104817220428,4.6066907282047,2.0,5.0,458634.0503518928,0.8131184858290411,2.048354809551391,0.003,7.0,2722.0418710372055,Evolution,6266,21.0,29,16.0,3.601,25077,1425394.4375,true,567007.90625
thermo-20y-qc,42,30,GAUSSIAN,Evolution,true,0.029927673764644013,0.05879221657220782,3.5038694580632668,2.0,3.0,916255.7746182769,0.6708704903821182,1.637841740186916,0.003,7.0,3458.249387421726,Evolution,5094,17.2,30,11.6,1.902,22038,2077867.9375,false,1036456.9375
thermo-20y-qc,42,31,GAUSSIAN,Evolution,true,0.07637214960293222,0.04546300856394464,7.392443654499708,3.0,6.0,237626.23831407606,0.97,2.0305041571884885,0.005,15.0,1708.7606120714083,Evolution,4452,19.3,31,15.8,1.331,17645,1362475.4375,false,355760.875
thermo-20y-qc,42,32,GAUSSIAN,Evolution,true,0.029927673764644013,0.05879221657220782,3.1621204399788443,2.0,3.0,1009573.1944691526,0.6708704903821182,1.646488722812628,0.003,7.0,3694.405398856257,Evolution,4698,16.4,32,9.8,1.916,20634,2260620.375,true,1135690.0625
thermo-20y-qc,42,33,GAUSSIAN,Evolution,true,0.029927673764644013,0.05879221657220782,3.323258377232491,2.0,3.0,821188.3206688032,0.6780884202104697,1.637841740186916,0.003,7.0,3772.7383401200623,Evolution,5568,17.9,33,12.2,2.104,23821,1872517.5,false,943737.09375
thermo-20y-qc,42,34,GAUSSIAN,Evolution,true,0.01729187648743391,0.03802659879563827,3.0,2.0,6.0,482065.45749843563,0.8100810724391962,2.2049579033356785,0.003,7.0,2906.9092831153507,Evolution,5051,19.2,34,11.6,1.9,20338,1480116.75,false,589686.3125
thermo-20y-qc,42,35,GAUSSIAN,Evolution,true,0.02157636002818026,0.05833036745794067,3.6628274950305846,2.0,5.0,956848.9010252446,0.7086635828709362,1.9109676780492442,0.003,7.0,2845.1794789835385,Evolution,4315,16.5,35,10.1,1.442,18771,2406776.5,false,1120864.125
thermo-20y-qc,42,36,GAUSSIAN,Evolution,true,0.04694007967642122,0.07033429792769624,6.566551486401897,2.0,7.0,482078.5097067614,0.8544672467102411,1.681077241704884,0.003,7.0,1873.8216860937923,Evolution,4459,19.1,36,14.3,1.374,18445,1627241.5,true,601225.03125
thermo-20y-qc,42,37,GAUSSIAN,Evolution,true,0.024154882196957307,0.028498002314336687,4.2581027783184595,2.0,3.0,916255.7746182769,0.6708704903821182,1.5872682614231457,0.003,7.0,3014.968670731165,Evolution,5341,19.8,37,13.7,1.303,22471,2036752.625,false,1032844.875
thermo-20y-qc,42,38,GAUSSIAN,Evolution,true,0.02157636002818026,0.05833036745794067,3.582258526403761,2.0,5.0,956848.9010252446,0.7086635828709362,1.9109676780492442,0.003,7.0,2890.150180812593,Evolution,4322,16.5,38,9.9,1.597,18804,2402692.5,false,1120587.1875
thermo-20y-qc,42,39,GAUSSIAN,Evolution,true,0.01729187648743391,0.03802659879563827,3.0,2.0,6.0,482065.45749843563,0.8100810724391962,2.158228511985761,0.003,7.0,2967.764537839539,Evolution,5110,19.0,39,11.6,1.687,20653,1462512.9375,false,589518.125
thermo-20y-qc,42,40,GAUSSIAN,Evolution,true,0.027765481861850638,0.04603073274948684,6.654594734021721,4.0,3.0,334667.60150138143,0.8458957258442525,1.7626448865402935,0.008,15.0,2771.1394639025716,Evolution,8522,22.6,40,20.7,1.938,33091,1037052.0625,false,418692.515625
thermo-20y-qc,42,41,GAUSSIAN,Evolution,true,0.02330840213219885,0.015258731015054067,3.1230940073085653,3.0,3.0,460071.0188129611,0.915067331305756,1.5,0.005,15.0,4461.068089485943,Evolution,9267,23.5,41,18.3,2.486,36922,1076868.25,false,529971.375
thermo-20y-qc,42,42,GAUSSIAN,Evolution,true,0.029927673764644013,0.07843045804902052,3.5038694580632668,2.0,3.0,916255.7746182769,0.5487720699202994,1.637841740186916,0.003,7.0,3350.082109570357,Evolution,5044,16.7,42,11.6,1.496,21995,2102282.375,false,1038477.28125
thermo-20y-qc,42,43,GAUSSIAN,Evolution,true,0.029927673764644013,0.05879221657220782,3.1621204399788443,2.0,3.0,1009573.1944691526,0.5487720699202994,1.646488722812628,0.003,7.0,3779.9513919147907,Evolution,4731,17.4,43,9.9,1.572,20655,2270473.0,false,1135959.75
thermo-20y-qc,42,44,GAUSSIAN,Evolution,true,0.02157636002818026,0.05833036745794067,3.97445690164904,2.0,5.0,956848.9010252446,0.7086635828709362,1.9109676780492442,0.003,7.0,2646.521921566518,Evolution,4291,16.9,44,10.8,1.297,18589,2412947.0,false,1120789.375
thermo-20y-qc,42,45,GAUSSIAN,Evolution,true,0.01729187648743391,0.05979334157421515,3.0,2.0,6.0,482065.45749843563,0.8100810724391962,2.2049579033356785,0.003,7.0,2902.3323661043623,Evolution,4987,18.3,45,11.4,1.831,20333,1486884.375,false,590805.15625
thermo-20y-qc,42,46,GAUSSIAN,Evolution,true,0.02330840213219885,0.015258731015054067,3.1230940073085653,3.0,3.0,377136.6070051315,0.915067331305756,1.5,0.005,15.0,4497.214028690688,Evolution,10734,24.3,46,20.1,2.682,41686,915568.0,false,435537.578125
thermo-20y-qc,42,47,GAUSSIAN,Evolution,true,0.01729187648743391,0.03802659879563827,3.0,3.0,6.0,165847.1637664251,0.8100810724391962,2.2049579033356785,0.005,15.0,3451.5625,Evolution,8430,25.3,47,14.9,2.892,30976,717378.1875,false,221007.5390625
thermo-20y-qc,42,48,GAUSSIAN,Evolution,true,0.02060151230365649,0.01683259318472617,3.0195132163351395,3.0,4.0,1035988.2866427376,0.9486182050156893,1.6886468750281196,0.005,15.0,3184.645371098872,Evolution,4350,15.8,48,9.7,1.592,19065,2474938.125,false,1189749.0
thermo-20y-qc,42,49,GAUSSIAN,Evolution,true,0.01729187648743391,0.03802659879563827,3.0,2.0,6.0,37804.884765625,0.97,1.9998760701093992,0.003,7.0,3139.1126756146514,Evolution,9177,27.4,49,18.6,3.179,31888,483567.90625,false,71014.8671875
thermo-20y-qc,42,50,GAUSSIAN,Evolution,true,0.07637214960293222,0.04546300856394464,7.372930438164568,2.0,6.0,237626.23831407606,0.97,2.0305041571884885,0.003,7.0,1773.0846394984326,Evolution,4525,19.5,50,15.5,1.454,17864,1337908.0,false,353461.203125
thermo-20y-qc,42,51,GAUSSIAN,Evolution,true,0.027765481861850638,0.04603073274948684,6.872369127534757,4.0,3.0,334667.60150138143,0.97,1.780991958355724,0.008,15.0,2139.812060658716,Evolution,6420,20.3,51,20.8,1.747,25322,1277650.8125,false,440539.96875
thermo-20y-qc,42,52,GAUSSIAN,Evolution,true,0.02330840213219885,0.015258731015054067,3.103580790973426,3.0,3.0,377136.6070051315,0.915067331305756,1.5,0.005,15.0,4542.374350003594,Evolution,10738,24.2,52,19.9,2.781,41731,913887.59375,false,435507.25
thermo-20y-qc,42,53,GAUSSIAN,Evolution,true,0.03333659402380141,0.0516489195579371,6.009397847111248,1.0,6.0,1332030.2815142209,0.8187829490219463,1.5,0.001,5.0,1506.4986655883542,Evolution,2819,15.2,53,9.0,0.845,12365,3381683.0,false,1557520.0625
thermo-20y-qc,42,54,GAUSSIAN,Evolution,true,0.02157636002818026,0.07403649549806161,3.6628274950305846,2.0,4.0,956848.9010252446,0.7086635828709362,1.9109676780492442,0.003,7.0,2801.7081416386663,Evolution,4471,16.6,54,10.6,1.398,19345,2303598.25,false,1104719.125
thermo-20y-qc,42,55,GAUSSIAN,Evolution,true,0.029927673764644013,0.05879221657220782,3.5038694580632668,2.0,3.0,886121.834432811,0.6708704903821182,1.637841740186916,0.003,7.0,3480.2668294849022,Evolution,5226,17.6,55,12.0,1.582,22520,2007916.4375,false,1012718.5625
thermo-20y-qc,42,56,GAUSSIAN,Evolution,true,0.0415460504031595,0.05647870146424718,5.279557524084569,1.0,4.0,545304.8598045261,0.8265154310747097,1.5807030204417132,0.001,5.0,2246.3684342799697,Evolution,6985,20.2,56,18.8,2.747,27853,1375129.125,true,642560.0
thermo-20y-qc,42,57,GAUSSIAN,Evolution,true,0.02157636002818026,0.05833036745794067,3.6628274950305846,2.0,6.0,956848.9010252446,0.7086635828709362,1.9109676780492442,0.003,7.0,2241.393250183419,Evolution,3435,15.3,57,9.0,1.295,14993,2552219.0,false,1132516.0625
thermo-20y-qc,42,58,GAUSSIAN,Evolution,true,0.02330840213219885,0.023724625988953203,3.103580790973426,3.0,3.0,377136.6070051315,0.915067331305756,1.5,0.005,15.0,4658.692763000239,Evolution,10543,22.8,58,19.8,2.697,41730,920816.1875,false,436441.890625
thermo-20y-qc,42,59,GAUSSIAN,Evolution,true,0.02330840213219885,0.015258731015054067,3.0,3.0,3.0,377136.6070051315,0.915067331305756,1.5,0.005,15.0,4731.679448400695,Evolution,10783,24.0,59,19.5,2.672,41987,911063.0,false,435733.671875
thermo-20y-qc,42,60,GAUSSIAN,Evolution,true,0.03395144403264936,0.015258731015054067,3.0,3.0,3.0,369336.25315625797,0.915067331305756,1.5,0.005,15.0,5066.511724005381,Evolution,10559,23.0,60,19.6,2.649,41624,901297.6875,false,427014.015625
thermo-20y-qc,42,61,GAUSSIAN,Evolution,true,0.04694007967642122,0.07033429792769624,6.566551486401897,2.0,7.0,482078.5097067614,0.8544672467102411,1.681077241704884,0.003,7.0,1873.8216860937923,Evolution,4459,19.1,61,14.3,1.374,18445,1627241.5,true,601225.03125
thermo-20y-qc,42,62,GAUSSIAN,Evolution,true,0.023249109805244778,0.010955104540930318,3.0,3.0,3.0,369336.25315625797,0.915067331305756,1.5,0.005,15.0,4695.601773032968,Evolution,11058,24.9,62,19.8,2.736,42526,888566.65625,false,426501.046875
thermo-20y-qc,42,63,GAUSSIAN,Evolution,true,0.02157636002818026,0.04616962421516443,3.6628274950305846,2.0,4.0,956848.9010252446,0.7086635828709362,1.9109676780492442,0.003,7.0,2901.2031693594176,Evolution,4513,17.2,63,10.6,1.376,19373,2280526.25,false,1099403.0625
thermo-20y-qc,42,64,GAUSSIAN,Evolution,true,0.02330840213219885,0.008115013294432608,3.0,3.0,3.0,377136.6070051315,0.915067331305756,1.5,0.005,15.0,4460.834742633923,Evolution,11128,26.4,64,19.7,2.754,41983,903129.3125,false,434171.171875
thermo-20y-qc,42,65,GAUSSIAN,Evolution,true,0.07102098248922993,0.052214716773379174,7.392443654499708,2.0,6.0,237626.23831407606,0.97,2.0305041571884885,0.003,7.0,1768.5576353578813,Evolution,4521,19.2,65,15.4,1.715,17897,1337908.0,false,352667.46875
thermo-20y-qc,42,66,GAUSSIAN,Evolution,true,0.02157636002818026,0.05833036745794067,3.6628274950305846,2.0,6.0,956848.9010252446,0.7086635828709362,1.9109676780492442,0.003,7.0,2241.393250183419,Evolution,3435,15.3,66,9.0,1.295,14993,2552219.0,true,1132516.0625
thermo-20y-qc,42,67,GAUSSIAN,Evolution,true,0.04694007967642122,0.07033429792769624,6.451171381290605,2.0,7.0,482078.5097067614,0.8544672467102411,1.681077241704884,0.003,7.0,1877.1311776792472,Evolution,4469,19.1,67,14.3,1.364,18494,1622401.5,false,601049.5
thermo-20y-qc,42,68,GAUSSIAN,Evolution,true,0.01729187648743391,0.03802659879563827,3.0,2.0,8.0,482065.45749843563,0.8100810724391962,2.2049579033356785,0.003,7.0,1820.2322543601522,Evolution,3487,21.1,68,10.3,1.591,13933,1665659.625,false,607910.40625
thermo-20y-qc,42,69,GAUSSIAN,Evolution,true,0.029927673764644013,0.05879221657220782,3.5038694580632668,2.0,3.0,916255.7746182769,0.6708704903821182,1.637841740186916,0.003,7.0,3458.249387421726,Evolution,5094,17.2,69,11.6,1.902,22038,2077867.9375,true,1036456.9375
thermo-20y-qc,42,70,GAUSSIAN,Evolution,true,0.036194883289457205,0.05647870146424718,5.279557524084569,1.0,4.0,545304.8598045261,0.8268017543570524,1.5807030204417132,0.001,5.0,2322.0307145396373,Evolution,7045,20.2,70,18.7,1.573,28130,1374323.375,false,642104.59375
thermo-20y-qc,42,71,GAUSSIAN,Evolution,true,0.01729187648743391,0.01683259318472617,3.0,3.0,4.0,1035988.2866427376,0.9486182050156893,1.6886468750281196,0.005,15.0,3159.2852802514403,Evolution,4373,16.0,71,9.6,3.102,19090,2468074.75,true,1187881.6875
thermo-20y-qc,42,72,GAUSSIAN,Evolution,true,0.020779203465686652,0.05879221657220782,3.5038694580632668,2.0,3.0,916255.7746182769,0.6708704903821182,1.637841740186916,0.003,7.0,3382.58733007313,Evolution,5139,17.1,72,11.8,1.536,22289,2087978.75,false,1036103.5
thermo-20y-qc,42,73,GAUSSIAN,Evolution,true,0.02157636002818026,0.05833036745794067,3.6628274950305846,2.0,5.0,956848.9010252446,0.7086635828709362,1.9109676780492442,0.003,7.0,2845.1794789835385,Evolution,4315,16.5,73,10.1,1.442,18771,2406776.5,true,1120864.125
thermo-20y-qc,42,74,GAUSSIAN,Evolution,true,0.023249109805244778,0.008803291303868444,3.0,3.0,3.0,369336.25315625797,0.915067331305756,1.5,0.005,15.0,4587.242839674552,Evolution,11199,26.0,74,19.8,2.802,42526,885441.1875,false,426255.671875
thermo-20y-qc,42,75,GAUSSIAN,Evolution,true,0.0226430436011362,0.03802659879563827,3.0,2.0,6.0,482065.45749843563,0.7538401578212417,2.2049579033356785,0.003,7.0,2897.6036713372064,Evolution,5106,19.5,75,11.5,1.847,20483,1461196.8125,false,589634.625
thermo-20y-qc,42,76,GAUSSIAN,Evolution,true,0.023249109805244778,0.010955104540930318,3.0,3.0,3.0,369336.25315625797,0.915067331305756,1.5,0.005,15.0,4695.601773032968,Evolution,11058,24.9,76,19.8,2.736,42526,888566.65625,true,426501.046875
thermo-20y-qc,42,77,GAUSSIAN,Evolution,true,0.03395144403264936,0.012965671469463457,3.0,3.0,3.0,369336.25315625797,0.915067331305756,1.5,0.005,15.0,5025.78912087648,Evolution,10587,23.2,77,19.6,2.789,41621,899309.3125,false,426979.25
thermo-20y-qc,42,78,GAUSSIAN,Evolution,true,0.020779203465686652,0.05879221657220782,3.5038694580632668,2.0,3.0,916255.7746182769,0.6708704903821182,1.637841740186916,0.003,7.0,3382.58733007313,Evolution,5139,17.1,78,11.8,1.536,22289,2087978.75,true,1036103.5
thermo-20y-qc,42,79,GAUSSIAN,Evolution,true,0.029927673764644013,0.04399781116440622,3.125237763495582,2.0,3.0,1009573.1944691526,0.6708704903821182,1.646488722812628,0.003,7.0,3782.345049313479,Evolution,4745,17.2,79,9.8,1.489,20684,2254089.25,false,1134211.625
thermo-20y-qc,42,80,GAUSSIAN,Evolution,true,0.02330840213219885,0.015258731015054067,3.0,3.0,3.0,95876.49242524855,0.915067331305756,1.5,0.005,15.0,4635.2114602488555,Evolution,22396,33.0,80,25.9,4.601,74501,355062.515625,false,120778.015625
thermo-20y-qc,42,81,GAUSSIAN,Evolution,true,0.01729187648743391,0.036880069022842965,3.0,2.0,6.0,216005.49332793558,0.8100810724391962,2.2049579033356785,0.003,7.0,3220.7950283471437,Evolution,7401,24.0,81,14.2,2.461,27516,867802.4375,false,285774.28125
thermo-20y-qc,42,82,GAUSSIAN,Evolution,true,0.020779203465686652,0.05879221657220782,3.5038694580632668,2.0,3.0,997538.3431344458,0.6708704903821182,1.637841740186916,0.003,7.0,3435.3883161512026,Evolution,4787,17.0,82,10.8,1.703,20952,2265086.75,false,1128349.375
thermo-20y-qc,42,83,GAUSSIAN,Evolution,true,0.03395144403264936,0.015258731015054067,3.9520342174067964,3.0,3.0,369336.25315625797,0.915067331305756,1.5,0.005,15.0,3625.7863989046095,Evolution,10082,23.2,83,23.2,2.205,39438,941096.875,false,431809.859375
thermo-20y-qc,42,84,GAUSSIAN,Evolution,true,0.02330840213219885,0.015258731015054067,3.0,3.0,3.0,95876.49242524855,0.915067331305756,1.5,0.005,15.0,4635.2114602488555,Evolution,22396,33.0,84,25.9,4.601,74501,355062.515625,true,120778.015625
thermo-20y-qc,42,85,GAUSSIAN,Evolution,true,0.02330840213219885,0.015258731015054067,3.0,2.0,3.0,93271.62029084822,0.915067331305756,1.5,0.003,7.0,4268.314552527073,Evolution,22828,34.1,85,25.5,4.771,73781,341468.328125,false,116377.6484375
thermo-20y-qc,42,86,GAUSSIAN,Evolution,true,0.029927673764644013,0.05879221657220782,3.013819135099325,2.0,3.0,1009573.1944691526,0.6708704903821182,1.646488722812628,0.003,7.0,3893.675311503912,Evolution,4712,16.5,86,9.4,1.698,20706,2258066.5,false,1133929.75
thermo-20y-qc,42,87,GAUSSIAN,Evolution,true,0.01729187648743391,0.017979122957521475,3.0,3.0,4.0,1035988.2866427376,0.9486182050156893,1.6886468750281196,0.005,15.0,3176.3943949711893,Evolution,4363,15.9,87,9.6,1.443,19090,2469399.0,false,1189749.0
thermo-20y-qc,42,88,GAUSSIAN,Evolution,true,0.03395144403264936,0.012965671469463457,3.0,3.0,3.0,369336.25315625797,0.915067331305756,1.5,0.005,15.0,5025.78912087648,Evolution,10587,23.2,88,19.6,2.789,41621,899309.3125,true,426979.25
thermo-20y-qc,42,89,GAUSSIAN,Evolution,true,0.02157636002818026,0.05947689723073598,3.146588313216275,2.0,5.0,956848.9010252446,0.6712821473568381,1.9109676780492442,0.003,7.0,3204.3015075376884,Evolution,4388,16.7,89,9.2,1.585,19104,2360419.0,false,1107194.25
thermo-20y-qc,42,90,GAUSSIAN,Evolution,true,0.04694007967642122,0.07033429792769624,6.566551486401897,2.0,7.0,482078.5097067614,0.8544672467102411,1.681077241704884,0.003,7.0,1873.8216860937923,Evolution,4459,19.1,90,14.3,1.374,18445,1627241.5,true,601225.03125
thermo-20y-qc,42,91,GAUSSIAN,Evolution,true,0.02330840213219885,0.015258731015054067,3.0,3.0,3.0,419788.31039169227,0.915067331305756,1.5,0.005,15.0,4622.75306600173,Evolution,9985,23.7,91,18.5,2.562,39302,997955.0625,false,481711.15625
thermo-20y-qc,42,92,GAUSSIAN,Evolution,true,0.01729187648743391,0.03802659879563827,3.0,2.0,6.0,359838.53466836206,0.8100810724391962,2.2049579033356785,0.003,7.0,3000.2308025466673,Evolution,5948,21.0,92,13.0,2.193,23089,1177312.8125,false,441530.109375
thermo-20y-qc,42,93,GAUSSIAN,Evolution,true,0.03395144403264936,0.012965671469463457,3.0,3.0,3.0,369336.25315625797,0.915067331305756,1.5131311640994132,0.005,15.0,5032.130123869779,Evolution,10489,23.1,93,19.5,2.689,41253,904893.25,false,426938.96875
thermo-20y-qc,42,94,GAUSSIAN,Evolution,true,0.03395144403264936,0.015258731015054067,3.0,2.0,3.0,369336.25315625797,0.915067331305756,1.5065655820497066,0.003,7.0,5053.582904272712,Evolution,10400,22.7,94,19.4,3.065,40981,905003.21875,false,427542.28125
thermo-20y-qc,42,95,GAUSSIAN,Evolution,true,0.029927673764644013,0.05879221657220782,3.5038694580632668,2.0,3.0,916255.7746182769,0.6964470417601004,1.637841740186916,0.003,7.0,3464.727318136409,Evolution,5087,17.2,95,11.6,1.849,22022,2084399.875,false,1036456.9375
thermo-20y-qc,42,96,GAUSSIAN,Evolution,true,0.029927673764644013,0.05879221657220782,3.5038694580632668,2.0,3.0,916255.7746182769,0.6708704903821182,1.637841740186916,0.003,7.0,3458.249387421726,Evolution,5094,17.2,96,11.6,1.902,22038,2077867.9375,true,1036456.9375
thermo-20y-qc,42,97,GAUSSIAN,Evolution,true,0.01729187648743391,0.03802659879563827,3.0,2.0,6.0,216005.49332793558,0.8100810724391962,2.2049579033356785,0.003,7.0,3224.9018752725688,Evolution,7395,24.0,97,14.2,2.926,27516,867802.4375,true,285798.765625
thermo-20y-qc,42,98,GAUSSIAN,Evolution,true,0.01729187648743391,0.03802659879563827,3.0,2.0,6.0,482065.45749843563,0.8100810724391962,2.2049579033356785,0.003,7.0,2906.9092831153507,Evolution,5051,19.2,98,11.6,1.9,20338,1480116.75,true,589686.3125
thermo-20y-qc,42,99,GAUSSIAN,Evolution,true,0.02330840213219885,0.015258731015054067,3.0,3.0,3.0,377136.6070051315,0.915067331305756,1.500302498657128,0.005,15.0,4730.228764708685,Evolution,10782,24.0,99,19.5,2.689,41982,911128.96875,false,435733.671875
thermo-20y-qc,42,100,GAUSSIAN,Evolution,true,0.07637214960293222,0.04546300856394464,7.826087608945189,2.0,6.0,445860.83313908137,0.97,2.0305041571884885,0.003,7.0,1431.1532574834077,Evolution,3646,18.6,100,14.6,1.255,14766,1854928.75,false,597535.53125
thermo-20y-qc,42,101,GAUSSIAN,Evolution,true,0.02157636002818026,0.06971430134823278,3.6628274950305846,2.0,6.0,880183.5211110834,0.6561704534376563,1.9109676780492442,0.003,7.0,2246.650775561887,Evolution,3645,15.6,101,9.3,1.222,15795,2390939.0,false,1046617.6875
thermo-20y-qc,42,102,GAUSSIAN,Evolution,true,0.03395144403264936,0.015258731015054067,3.0,2.0,3.0,369336.25315625797,0.915067331305756,1.5065655820497066,0.003,7.0,5053.582904272712,Evolution,10400,22.7,102,19.4,3.065,40981,905003.21875,true,427542.28125
thermo-20y-qc,42,103,GAUSSIAN,Evolution,true,0.02330840213219885,0.015258731015054067,3.0,3.0,3.0,1012731.3629873586,0.915067331305756,1.5,0.005,15.0,3838.0073522525054,Evolution,4920,19.0,103,10.4,1.78,21354,2265069.75,false,1134903.1875
thermo-20y-qc,42,104,GAUSSIAN,Evolution,true,0.02330840213219885,0.015258731015054067,3.0,3.0,3.0,95876.49242524855,0.915067331305756,1.5032827910248532,0.005,15.0,4635.937521062209,Evolution,22283,32.9,104,25.8,4.481,74185,357010.84375,false,120956.1328125
thermo-20y-qc,42,105,GAUSSIAN,Evolution,true,0.01729187648743391,0.03802659879563827,3.0,2.0,6.0,482065.45749843563,0.8100810724391962,2.2049579033356785,0.003,7.0,2906.9092831153507,Evolution,5051,19.2,105,11.6,1.9,20338,1480116.75,true,589686.3125
thermo-20y-qc,42,106,GAUSSIAN,Evolution,true,0.03395144403264936,0.015258731015054067,3.0,3.0,3.0,369336.25315625797,0.915067331305756,1.5,0.005,15.0,5066.511724005381,Evolution,10559,23.0,106,19.6,2.649,41624,901297.6875,true,427014.015625
thermo-20y-qc,42,107,GAUSSIAN,Evolution,true,0.03395144403264936,0.015258731015054067,3.1052410592481645,3.0,3.0,369336.25315625797,0.915067331305756,1.5,0.005,15.0,4869.494512666795,Evolution,10508,23.1,107,20.0,2.6,41368,905041.0625,false,427008.546875
thermo-20y-qc,42,108,GAUSSIAN,Evolution,true,0.028226855505057526,0.03802659879563827,3.0,2.0,6.0,216005.49332793558,0.8100810724391962,2.2049579033356785,0.003,7.0,3214.022918918919,Evolution,7512,24.3,108,13.9,2.757,27750,861692.9375,false,284860.625
thermo-20y-qc,42,109,GAUSSIAN,Evolution,true,0.01729187648743391,0.01683259318472617,3.0,3.0,4.0,1035988.2866427376,0.9486182050156893,1.6886468750281196,0.005,15.0,3159.2852802514403,Evolution,4373,16.0,109,9.6,3.102,19090,2468074.75,true,1187881.6875
thermo-20y-qc,42,110,GAUSSIAN,Evolution,true,0.02330840213219885,0.015258731015054067,3.7928966722139705,3.0,3.0,95876.49242524855,0.915067331305756,1.5,0.005,15.0,3642.747007593003,Evolution,20592,33.6,110,28.8,3.325,68089,382004.109375,false,122518.96875
thermo-20y-qc,42,111,GAUSSIAN,Evolution,true,0.029927673764644013,0.05879221657220782,4.025735784392947,2.0,3.0,916255.7746182769,0.6712898960193836,1.637841740186916,0.003,7.0,3094.895087848404,Evolution,5044,17.2,111,12.9,1.698,21742,2099783.5,false,1038790.21875
thermo-20y-qc,42,112,GAUSSIAN,Evolution,true,0.02157636002818026,0.06971430134823278,3.6628274950305846,2.0,6.0,880183.5211110834,0.6561704534376563,1.9109676780492442,0.003,7.0,2246.650775561887,Evolution,3645,15.6,112,9.3,1.222,15795,2390939.0,true,1046617.6875
thermo-20y-qc,42,113,GAUSSIAN,Evolution,true,0.03395144403264936,0.015258731015054067,3.6662815003024654,3.0,3.0,369336.25315625797,0.915067331305756,1.5,0.005,15.0,3966.880336126072,Evolution,10235,23.4,113,22.2,2.199,40104,931083.375,false,429866.875
thermo-20y-qc,42,114,GAUSSIAN,Evolution,true,0.029927673764644013,0.05879221657220782,3.1621204399788443,2.0,3.0,1009573.1944691526,0.6708704903821182,1.646488722812628,0.003,7.0,3694.405398856257,Evolution,4698,16.4,114,9.8,1.916,20634,2260620.375,true,1135690.0625
thermo-20y-qc,42,115,GAUSSIAN,Evolution,true,0.02157636002818026,0.05833036745794067,3.6628274950305846,2.0,5.0,956848.9010252446,0.7086635828709362,1.9109676780492442,0.003,7.0,2845.1794789835385,Evolution,4315,16.5,115,10.1,1.442,18771,2406776.5,true,1120864.125
thermo-20y-qc,42,116,GAUSSIAN,Evolution,true,0.028071291278123713,0.05879221657220782,3.5038694580632668,2.0,3.0,916255.7746182769,0.6708704903821182,1.637841740186916,0.003,7.0,3381.720588235294,Evolution,5107,17.2,116,11.6,1.687,22100,2076975.375,false,1036103.5
thermo-20y-qc,42,117,GAUSSIAN,Evolution,true,0.02330840213219885,0.015258731015054067,3.0,3.0,3.0,369336.25315625797,0.915067331305756,1.5,0.005,15.0,4756.27343272351,Evolution,10949,24.2,117,19.7,3.028,42526,894483.375,true,426895.28125
thermo-20y-qc,42,118,GAUSSIAN,Evolution,true,0.02157636002818026,0.06223326566408595,3.6628274950305846,2.0,6.0,880183.5211110834,0.6561704534376563,1.9109676780492442,0.003,7.0,2266.9996203973174,Evolution,3656,15.7,118,9.3,1.163,15806,2378690.375,false,1043475.78125
thermo-20y-qc,42,119,GAUSSIAN,Evolution,true,0.01729187648743391,0.03802659879563827,3.0,2.0,6.0,482065.45749843563,0.8100810724391962,2.2049579033356785,0.003,7.0,2906.9092831153507,Evolution,5051,19.2,119,11.6,1.9,20338,1480116.75,true,589686.3125
thermo-20y-qc,42,120,GAUSSIAN,Evolution,true,0.03690632767756878,0.05879221657220782,3.5038694580632668,2.0,3.0,891724.6118565367,0.6708704903821182,1.637841740186916,0.003,7.0,3328.916957368731,Evolution,5120,17.7,120,11.7,1.497,22073,2023134.75,false,1015170.875
thermo-20y-qc,42,121,GAUSSIAN,Evolution,true,0.02157636002818026,0.041233620768986484,3.3314137475152923,2.0,5.0,956848.9010252446,0.7593723276550662,1.9109676780492442,0.003,7.0,3056.6894095298403,Evolution,4364,16.2,121,9.4,1.436,18951,2354552.0,false,1109124.9375
thermo-20y-qc,42,122,GAUSSIAN,Evolution,true,0.02157636002818026,0.041233620768986484,3.3314137475152923,2.0,5.0,701679.4789251493,0.7593723276550662,1.9109676780492442,0.003,7.0,3179.7299755159147,Evolution,5462,18.5,122,11.9,1.663,22872,1776782.0625,false,821459.6875
thermo-20y-qc,42,123,GAUSSIAN,Evolution,true,0.03395144403264936,0.015258731015054067,3.0,3.0,3.0,369336.25315625797,0.915067331305756,1.5,0.005,15.0,5066.511724005381,Evolution,10559,23.0,123,19.6,2.649,41624,901297.6875,true,427014.015625
thermo-20y-qc,42,124,GAUSSIAN,Evolution,true,0.02330840213219885,0.015258731015054067,3.0,2.0,3.0,369336.25315625797,0.915067331305756,1.5,0.003,7.0,4812.214911445439,Evolution,10818,24.0,124,19.6,2.809,42008,897050.4375,false,427146.390625
thermo-20y-qc,42,125,GAUSSIAN,Evolution,true,0.01729187648743391,0.01683259318472617,3.0,3.0,4.0,1035988.2866427376,0.9486182050156893,1.6886468750281196,0.005,15.0,3159.2852802514403,Evolution,4373,16.0,125,9.6,3.102,19090,2468074.75,true,1187881.6875
thermo-20y-qc,42,126,GAUSSIAN,Evolution,true,0.01729187648743391,0.03802659879563827,3.0833510376179247,2.0,6.0,482065.45749843563,0.8100810724391962,2.2049579033356785,0.003,7.0,2837.7656443541596,Evolution,5015,19.2,126,11.7,1.758,20183,1486247.0,false,591395.9375
thermo-20y-qc,42,127,GAUSSIAN,Evolution,true,0.02157636002818026,0.05833036745794067,3.6628274950305846,2.0,5.0,1212272.5350026574,0.7086635828709362,1.9109676780492442,0.003,7.0,2523.9472498592077,Evolution,3614,15.4,127,7.9,1.142,15981,2905674.0,false,1397484.75
thermo-20y-qc,42,128,GAUSSIAN,Evolution,true,0.03395144403264936,0.015258731015054067,3.0,3.0,3.0,355352.22110324417,0.915067331305756,1.5,0.005,15.0,5125.633191268926,Evolution,10815,23.3,128,19.8,2.751,42469,874295.0,false,414789.59375
thermo-20y-qc,42,129,GAUSSIAN,Evolution,true,0.02157636002818026,0.041233620768986484,4.197050534621896,2.0,5.0,956848.9010252446,0.7593723276550662,1.9109676780492442,0.003,7.0,2576.930740861265,Evolution,4272,17.0,129,11.3,1.346,18438,2420735.0,false,1120587.1875
thermo-20y-qc,42,130,GAUSSIAN,Evolution,true,0.03395144403264936,0.015258731015054067,3.0,3.0,3.0,355352.22110324417,0.915067331305756,1.5,0.005,15.0,5125.633191268926,Evolution,10815,23.3,130,19.8,2.751,42469,874295.0,true,414789.59375
thermo-20y-qc,42,131,GAUSSIAN,Evolution,true,0.03395144403264936,0.015258731015054067,3.0,3.0,3.0,355352.22110324417,0.915067331305756,1.5,0.005,15.0,5125.633191268926,Evolution,10815,23.3,131,19.8,2.751,42469,874295.0,true,414789.59375
thermo-20y-qc,42,132,GAUSSIAN,Evolution,true,0.031392393366080795,0.05879221657220782,3.1621204399788443,2.0,3.0,1009573.1944691526,0.6708704903821182,1.646488722812628,0.003,7.0,3704.7189485426065,Evolution,4688,16.3,132,9.8,1.481,20619,2265069.75,false,1136081.0
thermo-20y-qc,42,133,GAUSSIAN,Evolution,true,0.029927673764644013,0.05879221657220782,3.5038694580632668,2.0,3.0,916255.7746182769,0.6708704903821182,1.637841740186916,0.003,7.0,3458.249387421726,Evolution,5094,17.2,133,11.6,1.902,22038,2077867.9375,true,1036456.9375
thermo-20y-qc,42,134,GAUSSIAN,Evolution,true,0.02330840213219885,0.015258731015054067,3.0,3.0,3.0,95876.49242524855,0.915067331305756,1.5,0.005,15.0,4635.2114602488555,Evolution,22396,33.0,134,25.9,4.601,74501,355062.515625,true,120778.015625
thermo-20y-qc,42,135,GAUSSIAN,Evolution,true,0.025621660260041635,0.03802659879563827,3.0,2.0,6.0,216005.49332793558,0.8100810724391962,2.2049579033356785,0.003,7.0,3228.8299199538474,Evolution,7495,24.2,135,14.0,2.419,27734,864914.5625,false,285554.84375
thermo-20y-qc,42,136,GAUSSIAN,Evolution,true,0.02330840213219885,0.007408914361580688,3.0,3.0,3.0,95876.49242524855,0.915067331305756,1.5,0.005,15.0,4284.175537269957,Evolution,23314,35.5,136,26.1,4.649,74497,356888.78125,false,121205.8125
thermo-20y-qc,42,137,GAUSSIAN,Evolution,true,0.020779203465686652,0.05879221657220782,3.5038694580632668,2.0,3.0,916255.7746182769,0.6708704903821182,1.5516801037746843,0.003,7.0,3594.653441786008,Evolution,5305,17.0,137,11.9,1.483,23113,2033295.25,false,1034787.59375
thermo-20y-qc,42,138,GAUSSIAN,Evolution,true,0.02330840213219885,0.014110167764067582,3.2996486863612295,3.0,3.0,377136.6070051315,0.915067331305756,1.5,0.005,15.0,4213.4369306067065,Evolution,10680,24.4,138,20.7,2.671,41272,921501.3125,false,435767.34375
thermo-20y-qc,42,139,GAUSSIAN,Evolution,true,0.02157636002818026,0.05833036745794067,3.6628274950305846,2.0,5.0,1212272.5350026574,0.7086635828709362,1.9109676780492442,0.003,7.0,2523.9472498592077,Evolution,3614,15.4,139,7.9,1.142,15981,2905674.0,true,1397484.75
thermo-20y-qc,42,140,GAUSSIAN,Evolution,true,0.025621660260041635,0.03802659879563827,3.0,2.0,6.0,216005.49332793558,0.8100810724391962,2.2049579033356785,0.003,7.0,3228.8299199538474,Evolution,7495,24.2,140,14.0,2.419,27734,864914.5625,true,285554.84375
thermo-20y-qc,42,141,GAUSSIAN,Evolution,true,0.029927673764644013,0.05879221657220782,3.5038694580632668,2.0,3.0,916255.7746182769,0.6708704903821182,1.637841740186916,0.003,7.0,3458.249387421726,Evolution,5094,17.2,141,11.6,1.902,22038,2077867.9375,true,1036456.9375
thermo-20y-qc,42,142,GAUSSIAN,Evolution,true,0.02330840213219885,0.015258731015054067,3.0,3.0,3.0,369336.25315625797,0.915067331305756,1.5,0.005,15.0,4756.27343272351,Evolution,10949,24.2,142,19.7,3.028,42526,894483.375,true,426895.28125
thermo-20y-qc,42,143,GAUSSIAN,Evolution,true,0.02401359940035794,0.05461566485569263,3.1621204399788443,2.0,3.0,1009573.1944691526,0.6708704903821182,1.646488722812628,0.003,7.0,3714.7681242807826,Evolution,4766,17.2,143,9.9,1.544,20856,2270131.0,false,1136438.1875
thermo-20y-qc,42,144,GAUSSIAN,Evolution,true,0.02157636002818026,0.041233620768986484,3.3314137475152923,2.0,5.0,956848.9010252446,0.8601926083764038,1.9109676780492442,0.003,7.0,3074.095088763687,Evolution,4300,15.9,144,9.4,1.452,18814,2397858.5,false,1108563.1875
thermo-20y-qc,42,145,GAUSSIAN,Evolution,true,0.03151859594093056,0.015258731015054067,3.0,3.0,3.0,355352.22110324417,0.9094068659422788,1.5,0.005,15.0,5054.061781575559,Evolution,10959,23.8,145,19.7,2.738,42715,870173.5625,false,414089.25
thermo-20y-qc,42,146,GAUSSIAN,Evolution,true,0.02157636002818026,0.041233620768986484,3.165706873757646,2.0,5.0,956848.9010252446,0.8601926083764038,1.9109676780492442,0.003,7.0,3208.5432542408707,Evolution,4317,15.8,146,9.4,1.462,18923,2394307.75,false,1106529.5
thermo-20y-qc,42,147,GAUSSIAN,Evolution,true,0.02157636002818026,0.041233620768986484,3.3666041330838294,2.0,5.0,956848.9010252446,0.8601926083764038,1.9109676780492442,0.003,7.0,3010.8809384476244,Evolution,4296,15.9,147,9.5,1.537,18797,2400646.625,false,1110670.75
thermo-20y-qc,42,148,GAUSSIAN,Evolution,true,0.02330840213219885,0.015258731015054067,3.0,3.0,3.0,95876.49242524855,0.915067331305756,1.5,0.005,15.0,4635.2114602488555,Evolution,22396,33.0,148,25.9,4.601,74501,355062.515625,true,120778.015625
thermo-20y-qc,42,149,GAUSSIAN,Evolution,true,0.025621660260041635,0.03802659879563827,3.0,2.0,6.0,216005.49332793558,0.8100810724391962,2.2049579033356785,0.003,7.0,3228.8299199538474,Evolution,7495,24.2,149,14.0,2.419,27734,864914.5625,true,285554.84375
thermo-20y-qc,42,150,GAUSSIAN,Evolution,true,0.029927673764644013,0.05879221657220782,3.5038694580632668,2.0,3.0,916255.7746182769,0.6708704903821182,1.7852391158373155,0.003,7.0,3084.648930545542,Evolution,4824,16.7,150,11.0,1.397,20805,2139308.0,false,1043286.875
thermo-20y-qc,42,151,GAUSSIAN,Evolution,true,0.03395144403264936,0.015258731015054067,3.138088988758103,3.0,3.0,355352.22110324417,0.915067331305756,1.5,0.005,15.0,4868.154360982556,Evolution,10743,23.4,151,20.5,2.814,42135,880641.4375,false,415485.625
thermo-20y-qc,42,152,GAUSSIAN,Evolution,true,0.02330840213219885,0.015258731015054067,3.0,3.0,3.0,377136.6070051315,0.915067331305756,1.5,0.005,15.0,4731.679448400695,Evolution,10783,24.0,152,19.5,2.672,41987,911063.0,true,435733.671875
thermo-20y-qc,42,153,GAUSSIAN,Evolution,true,0.02330840213219885,0.015258731015054067,3.0,3.0,3.0,95876.49242524855,0.915067331305756,1.5,0.005,15.0,4635.2114602488555,Evolution,22396,33.0,153,25.9,4.601,74501,355062.515625,true,120778.015625
thermo-20y-qc,42,154,GAUSSIAN,Evolution,true,0.02157636002818026,0.041233620768986484,3.165706873757646,2.0,5.0,956848.9010252446,0.8601926083764038,1.9109676780492442,0.003,7.0,3208.5432542408707,Evolution,4317,15.8,154,9.4,1.462,18923,2394307.75,true,1106529.5
thermo-20y-qc,42,155,GAUSSIAN,Evolution,true,0.024755639208032337,0.03802659879563827,3.0,2.0,6.0,216005.49332793558,0.8100810724391962,2.2049579033356785,0.003,7.0,3235.2417027417027,Evolution,7492,24.3,155,14.0,2.556,27720,864036.75,false,285561.203125
thermo-20y-qc,42,156,GAUSSIAN,Evolution,true,0.029927673764644013,0.05879221657220782,3.5038694580632668,2.0,3.0,916255.7746182769,0.6708704903821182,1.637841740186916,0.003,7.0,3458.249387421726,Evolution,5094,17.2,156,11.6,1.902,22038,2077867.9375,true,1036456.9375
thermo-20y-qc,42,157,GAUSSIAN,Evolution,true,0.03395144403264936,0.015258731015054067,3.0,3.0,3.0,355352.22110324417,0.915067331305756,1.5,0.005,15.0,5125.633191268926,Evolution,10815,23.3,157,19.8,2.751,42469,874295.0,true,414789.59375
thermo-20y-qc,42,158,GAUSSIAN,Evolution,true,0.01729187648743391,0.01683259318472617,3.0,3.0,4.0,1035988.2866427376,0.9486182050156893,1.6886468750281196,0.005,15.0,3159.2852802514403,Evolution,4373,16.0,158,9.6,3.102,19090,2468074.75,true,1187881.6875
thermo-20y-qc,42,159,GAUSSIAN,Evolution,true,0.060804055800787286,0.015258731015054067,3.1166853003344097,3.0,3.0,355352.22110324417,0.915067331305756,1.5,0.005,15.0,4429.5022936367595,Evolution,9841,22.5,159,20.4,2.617,39021,879587.3125,false,415755.71875
thermo-20y-qc,42,160,GAUSSIAN,Evolution,true,0.01729187648743391,0.03802659879563827,3.0,2.0,6.0,616529.6015907163,0.8100810724391962,2.2049579033356785,0.003,7.0,2737.6871911609574,Evolution,4375,18.3,160,10.4,1.682,18011,1793824.5,false,738188.125
thermo-20y-qc,42,161,GAUSSIAN,Evolution,true,0.029927673764644013,0.05879221657220782,3.5038694580632668,2.0,3.0,916255.7746182769,0.7911084273591269,1.637841740186916,0.003,7.0,3407.268458519668,Evolution,5026,16.4,161,11.6,1.481,21914,2079088.4375,false,1038442.5
thermo-20y-qc,42,162,GAUSSIAN,Evolution,true,0.01729187648743391,0.01683259318472617,3.0,3.0,4.0,1035988.2866427376,0.9486182050156893,1.6886468750281196,0.005,15.0,3159.2852802514403,Evolution,4373,16.0,162,9.6,3.102,19090,2468074.75,true,1187881.6875
thermo-20y-qc,42,163,GAUSSIAN,Evolution,true,0.02330840213219885,0.015258731015054067,4.1006569115512,3.0,3.0,369336.25315625797,0.9134260509197121,1.5171508060551027,0.005,15.0,3457.1412899949214,Evolution,10227,24.7,163,23.3,2.334,39380,949573.5,false,431968.421875
thermo-20y-qc,42,164,GAUSSIAN,Evolution,true,0.018618320614721566,0.041233620768986484,4.178847796359449,2.0,5.0,956848.9010252446,0.8601926083764038,1.9109676780492442,0.003,7.0,2639.0200884327746,Evolution,4206,16.1,164,11.3,1.203,18319,2438981.625,false,1118240.6875
thermo-20y-qc,42,165,GAUSSIAN,Evolution,true,0.01729187648743391,0.03802659879563827,3.0,2.0,6.0,482065.45749843563,0.8100810724391962,2.2049579033356785,0.003,7.0,2906.9092831153507,Evolution,5051,19.2,165,11.6,1.9,20338,1480116.75,true,589686.3125
thermo-20y-qc,42,166,GAUSSIAN,Evolution,true,0.025621660260041635,0.034567907668206804,3.0,2.0,6.0,216005.49332793558,0.8100810724391962,2.2049579033356785,0.003,7.0,3212.3569857580674,Evolution,7521,24.4,166,14.0,2.362,27735,861827.0625,false,285342.0625
thermo-20y-qc,42,167,GAUSSIAN,Evolution,true,0.03395144403264936,0.015258731015054067,3.0,2.0,3.0,355352.22110324417,0.915067331305756,1.5551385604485453,0.003,7.0,4957.463872473556,Evolution,10267,23.0,167,19.2,2.813,40274,900339.5,false,418268.25
thermo-20y-qc,42,168,GAUSSIAN,Evolution,true,0.02330840213219885,0.015258731015054067,3.0,3.0,3.0,69213.59272364962,0.915067331305756,1.5,0.005,15.0,4372.55253996362,Evolution,26322,36.3,168,27.2,5.406,83013,273691.921875,false,85260.1015625
thermo-20y-qc,42,169,GAUSSIAN,Evolution,true,0.03395144403264936,0.015258731015054067,3.0,3.0,3.0,355352.22110324417,0.915067331305756,1.5,0.005,15.0,5125.633191268926,Evolution,10815,23.3,169,19.8,2.751,42469,874295.0,true,414789.59375
thermo-20y-qc,42,170,GAUSSIAN,Evolution,true,0.029927673764644013,0.05879221657220782,3.5038694580632668,2.0,3.0,916255.7746182769,0.6708704903821182,1.6288940451398286,0.003,7.0,3472.13973581833,Evolution,5105,17.1,170,11.6,1.456,22106,2075034.625,false,1036456.9375
thermo-20y-qc,42,171,GAUSSIAN,Evolution,true,0.03395144403264936,0.015258731015054067,3.0,3.0,3.0,355352.22110324417,0.915067331305756,1.5,0.005,15.0,5125.633191268926,Evolution,10815,23.3,171,19.8,2.751,42469,874295.0,true,414789.59375
thermo-20y-qc,42,172,GAUSSIAN,Evolution,true,0.02330840213219885,0.015258731015054067,3.0,2.0,3.0,377136.6070051315,0.915067331305756,1.5,0.003,7.0,4794.116123280079,Evolution,10653,23.7,172,19.4,2.735,41499,914231.3125,false,435537.515625
thermo-20y-qc,42,173,GAUSSIAN,Evolution,true,0.04171298077545793,0.015258731015054067,3.0,2.0,3.0,355352.22110324417,0.915067331305756,1.5,0.003,7.0,4934.476494571892,Evolution,10360,22.8,173,19.5,2.726,40714,874983.0,false,414894.375
thermo-20y-qc,42,174,GAUSSIAN,Evolution,true,0.029927673764644013,0.05879221657220782,3.1621204399788443,2.0,3.0,721019.3537325714,0.6708704903821182,1.646488722812628,0.003,7.0,4037.477097193546,Evolution,6180,18.6,174,13.0,1.915,26154,1663826.8125,false,824632.9375
thermo-20y-qc,42,175,GAUSSIAN,Evolution,true,0.029927673764644013,0.05879221657220782,3.5038694580632668,2.0,3.0,916255.7746182769,0.6708704903821182,1.637841740186916,0.003,7.0,3458.249387421726,Evolution,5094,17.2,175,11.6,1.902,22038,2077867.9375,true,1036456.9375
thermo-20y-qc,42,176,GAUSSIAN,Evolution,true,0.029927673764644013,0.05879221657220782,3.5038694580632668,2.0,3.0,916255.7746182769,0.6708704903821182,1.637841740186916,0.003,7.0,3458.249387421726,Evolution,5094,17.2,176,11.6,1.902,22038,2077867.9375,true,1036456.9375
thermo-20y-qc,42,177,GAUSSIAN,Evolution,true,0.024755639208032337,0.03802659879563827,3.0,2.0,6.0,144473.2328754124,0.8100810724391962,2.2049579033356785,0.003,7.0,3247.4649550043546,Evolution,8692,26.7,177,14.9,2.842,31003,674118.5625,false,196584.6171875
thermo-20y-qc,42,178,GAUSSIAN,Evolution,true,0.031649531282425584,0.03802659879563827,3.0,2.0,6.0,216005.49332793558,0.8100810724391962,2.0790718619901054,0.003,7.0,3418.6369080021773,Evolution,7900,23.9,178,14.2,2.48,29392,830585.46875,false,280578.453125
thermo-20y-qc,42,179,GAUSSIAN,Evolution,true,0.02330840213219885,0.015258731015054067,3.0,3.0,3.0,95876.49242524855,0.915067331305756,1.5,0.005,15.0,4635.2114602488555,Evolution,22396,33.0,179,25.9,4.601,74501,355062.515625,true,120778.015625
thermo-20y-qc,42,180,GAUSSIAN,Evolution,true,0.029927673764644013,0.05879221657220782,3.5038694580632668,2.0,3.0,916255.7746182769,0.6708704903821182,1.637841740186916,0.003,7.0,3458.249387421726,Evolution,5094,17.2,180,11.6,1.902,22038,2077867.9375,true,1036456.9375
thermo-20y-qc,42,181,GAUSSIAN,Evolution,true,0.02157636002818026,0.041233620768986484,3.165706873757646,2.0,5.0,956848.9010252446,0.8601926083764038,1.9109676780492442,0.003,7.0,3208.5432542408707,Evolution,4317,15.8,181,9.4,1.462,18923,2394307.75,true,1106529.5
thermo-20y-qc,42,182,GAUSSIAN,Evolution,true,0.029927673764644013,0.05879221657220782,3.1621204399788443,2.0,3.0,641277.6481201906,0.6708704903821182,1.646488722812628,0.003,7.0,4127.579980234364,Evolution,6812,19.3,182,14.0,2.093,28332,1478764.0625,false,731978.34375
thermo-20y-qc,42,183,GAUSSIAN,Evolution,true,0.024755639208032337,0.03802659879563827,3.0,2.0,6.0,216005.49332793558,0.8293393761345398,2.2049579033356785,0.003,7.0,3253.6779599666993,Evolution,7427,23.8,183,14.0,2.427,27627,873637.3125,false,286722.265625
thermo-20y-qc,42,184,GAUSSIAN,Evolution,true,0.02157636002818026,0.041233620768986484,3.165706873757646,2.0,5.0,956848.9010252446,0.8601926083764038,1.9109676780492442,0.003,7.0,3208.5432542408707,Evolution,4317,15.8,184,9.4,1.462,18923,2394307.75,true,1106529.5
thermo-20y-qc,42,185,GAUSSIAN,Evolution,true,0.03395144403264936,0.015258731015054067,3.0,3.0,3.0,355352.22110324417,0.915067331305756,1.5,0.005,15.0,5125.633191268926,Evolution,10815,23.3,185,19.8,2.751,42469,874295.0,true,414789.59375
thermo-20y-qc,42,186,GAUSSIAN,Evolution,true,0.04858111922917417,0.015258731015054067,3.0,3.0,3.0,355352.22110324417,0.915067331305756,1.5,0.005,15.0,4708.703365432344,Evolution,10208,22.6,186,19.7,2.804,40292,876466.53125,false,414959.71875
thermo-20y-qc,42,187,GAUSSIAN,Evolution,true,0.02157636002818026,0.041233620768986484,3.3314137475152923,2.0,4.0,956848.9010252446,0.8601926083764038,1.9109676780492442,0.003,7.0,3140.2398991198725,Evolution,4477,16.4,187,9.7,1.465,19429,2303274.75,false,1092653.8125
thermo-20y-qc,42,188,GAUSSIAN,Evolution,true,0.03395144403264936,0.015258731015054067,3.0,3.0,3.0,355352.22110324417,0.915067331305756,1.5,0.005,15.0,5125.633191268926,Evolution,10815,23.3,188,19.8,2.751,42469,874295.0,true,414789.59375
thermo-20y-qc,42,189,GAUSSIAN,Evolution,true,0.02330840213219885,0.015258731015054067,3.0,3.0,3.0,95876.49242524855,0.915067331305756,1.5,0.005,15.0,4635.2114602488555,Evolution,22396,33.0,189,25.9,4.601,74501,355062.515625,true,120778.015625
thermo-20y-qc,42,190,GAUSSIAN,Evolution,true,0.024755639208032337,0.029351628385789322,3.0,2.0,6.0,216005.49332793558,0.8100810724391962,2.2049579033356785,0.003,7.0,3182.729663432055,Evolution,7554,24.8,190,14.0,2.428,27721,859849.3125,false,285252.390625
thermo-20y-qc,42,191,GAUSSIAN,Evolution,true,0.025621660260041635,0.03802659879563827,3.0866623712849552,2.0,6.0,46678.24097512473,0.8100810724391962,2.2049579033356785,0.003,7.0,2861.4003307868,Evolution,12106,34.7,191,18.1,3.201,38091,366464.1875,false,68849.515625
thermo-20y-qc,42,192,GAUSSIAN,Evolution,true,0.02330840213219885,0.015258731015054067,3.5658148701449517,3.0,3.0,429202.5091684884,0.915067331305756,1.5,0.005,15.0,3867.193140794224,Evolution,9573,23.8,192,20.5,2.531,37672,1033983.8125,false,494835.390625
thermo-20y-qc,42,193,GAUSSIAN,Evolution,true,0.022781375385795763,0.05756218053398247,3.5038694580632668,2.0,3.0,916255.7746182769,0.6708704903821182,1.637841740186916,0.003,7.0,3405.8310074040833,Evolution,5143,17.1,193,11.8,1.489,22285,2079416.375,false,1036456.9375
thermo-20y-qc,42,194,GAUSSIAN,Evolution,true,0.02330840213219885,0.015258731015054067,3.0,3.0,3.0,369336.25315625797,0.915067331305756,1.5,0.005,15.0,4756.27343272351,Evolution,10949,24.2,194,19.7,3.028,42526,894483.375,true,426895.28125
thermo-20y-qc,42,195,GAUSSIAN,Evolution,true,0.02330840213219885,0.015258731015054067,3.0,3.0,3.0,377136.6070051315,0.915067331305756,1.5,0.005,15.0,4731.679448400695,Evolution,10783,24.0,195,19.5,2.672,41987,911063.0,true,435733.671875
thermo-20y-qc,42,196,GAUSSIAN,Evolution,true,0.029927673764644013,0.05879221657220782,3.5038694580632668,2.0,4.0,916255.7746182769,0.6708704903821182,1.637841740186916,0.003,7.0,3463.0830413614235,Evolution,5080,17.2,196,11.5,1.551,21977,2089000.625,false,1036676.34375
thermo-20y-qc,42,197,GAUSSIAN,Evolution,true,0.01729187648743391,0.004396234736511481,3.0,3.0,4.0,1035988.2866427376,0.9486182050156893,1.7790154861822915,0.005,15.0,2121.4769770580297,Evolution,4916,25.1,197,9.4,1.623,18525,2505357.125,false,1189749.0
thermo-20y-qc,42,198,GAUSSIAN,Evolution,true,0.029927673764644013,0.05879221657220782,3.5038694580632668,2.0,3.0,685182.8375325217,0.6484725940878844,1.637841740186916,0.003,7.0,3685.185185185185,Evolution,6410,18.7,198,14.4,1.88,26865,1601349.125,false,782862.15625
thermo-20y-qc,42,199,GAUSSIAN,Evolution,true,0.029927673764644013,0.05879221657220782,3.580148795689623,2.0,3.0,916255.7746182769,0.6708704903821182,1.637841740186916,0.003,7.0,3384.513934985224,Evolution,5088,17.3,199,11.9,1.841,21995,2079088.4375,false,1036456.9375
thermo-20y-qc,42,200,GAUSSIAN,Evolution,true,0.02330840213219885,0.015258731015054067,3.5658148701449517,3.0,3.0,446379.20639737934,0.915067331305756,1.5,0.005,15.0,3858.0408783692083,Evolution,9317,23.7,200,20.2,2.722,36841,1063886.875,false,514667.0
thermo-20y-qc,42,201,GAUSSIAN,Evolution,true,0.03395144403264936,0.015258731015054067,3.0,3.0,3.0,355352.22110324417,0.9283058411329532,1.5,0.005,15.0,5058.268577850038,Evolution,10565,22.5,201,20.0,3.055,41824,885141.375,false,415260.5
thermo-20y-qc,42,202,GAUSSIAN,Evolution,true,0.029927673764644013,0.05879221657220782,3.2926841325995375,2.0,3.0,1009573.1944691526,0.6708704903821182,1.5747862824651906,0.003,7.0,3828.791643005868,Evolution,4826,17.4,202,10.2,1.906,21132,2257422.125,false,1133661.25
thermo-20y-qc,42,203,GAUSSIAN,Evolution,true,0.024755639208032337,0.03802659879563827,3.0,2.0,6.0,216005.49332793558,0.8100810724391962,2.2113700029425507,0.003,7.0,3222.3819155479973,Evolution,7470,24.2,203,14.0,2.776,27637,867185.78125,false,285928.71875
thermo-20y-qc,42,204,GAUSSIAN,Evolution,true,0.03395144403264936,0.015258731015054067,3.0,3.0,3.0,355352.22110324417,0.915067331305756,1.5,0.005,15.0,5125.633191268926,Evolution,10815,23.3,204,19.8,2.751,42469,874295.0,true,414789.59375
thermo-20y-qc,42,205,GAUSSIAN,Evolution,true,0.03395144403264936,0.015258731015054067,3.0,3.0,3.0,355352.22110324417,0.915067331305756,1.5,0.005,15.0,5125.633191268926,Evolution,10815,23.3,205,19.8,2.751,42469,874295.0,true,414789.59375
thermo-20y-qc,42,206,GAUSSIAN,Evolution,true,0.03395144403264936,0.015258731015054067,3.0,3.0,3.0,355352.22110324417,0.915067331305756,1.5,0.005,15.0,5125.633191268926,Evolution,10815,23.3,206,19.8,2.751,42469,874295.0,true,414789.59375
thermo-20y-qc,42,207,GAUSSIAN,Evolution,true,0.029927673764644013,0.05879221657220782,3.5038694580632668,2.0,3.0,916255.7746182769,0.6624966613920178,1.637841740186916,0.003,7.0,3459.363186788258,Evolution,5095,17.2,207,11.6,1.803,22041,2076975.375,false,1036306.0625
thermo-20y-qc,42,208,GAUSSIAN,Evolution,true,0.02330840213219885,0.015258731015054067,3.0,3.0,3.0,369336.25315625797,0.915067331305756,1.5,0.005,15.0,4756.27343272351,Evolution,10949,24.2,208,19.7,3.028,42526,894483.375,true,426895.28125
thermo-20y-qc,42,209,GAUSSIAN,Evolution,true,0.02330840213219885,0.015258731015054067,3.0,3.0,3.0,95876.49242524855,0.915067331305756,1.5,0.005,15.0,4635.2114602488555,Evolution,22396,33.0,209,25.9,4.601,74501,355062.515625,true,120778.015625
thermo-20y-qc,42,210,GAUSSIAN,Evolution,true,0.02330840213219885,0.015258731015054067,3.1035188738955717,3.0,3.0,429202.5091684884,0.915067331305756,1.5,0.005,15.0,4418.19479339701,Evolution,9721,22.8,210,18.7,3.011,38528,1020135.9375,false,492680.625
thermo-20y-qc,42,211,GAUSSIAN,Evolution,true,0.01729187648743391,0.01683259318472617,3.0,3.0,4.0,1035988.2866427376,0.9486182050156893,1.6886468750281196,0.005,15.0,3159.2852802514403,Evolution,4373,16.0,211,9.6,3.102,19090,2468074.75,true,1187881.6875
thermo-20y-qc,42,212,GAUSSIAN,Evolution,true,0.02330840213219885,0.015258731015054067,3.082853436878823,3.0,3.0,377136.6070051315,0.915067331305756,1.5,0.005,15.0,4579.987769267592,Evolution,10745,24.2,212,19.8,3.134,41780,913543.875,false,435537.578125
thermo-20y-qc,42,213,GAUSSIAN,Evolution,true,0.029927673764644013,0.05879221657220782,3.5038694580632668,2.0,3.0,916255.7746182769,0.6708704903821182,1.637841740186916,0.003,7.0,3458.249387421726,Evolution,5094,17.2,213,11.6,1.902,22038,2077867.9375,true,1036456.9375
thermo-20y-qc,42,214,GAUSSIAN,Evolution,true,0.02157636002818026,0.041233620768986484,3.165706873757646,2.0,5.0,956848.9010252446,0.8601926083764038,1.9109676780492442,0.003,7.0,3208.5432542408707,Evolution,4317,15.8,214,9.4,1.462,18923,2394307.75,true,1106529.5
thermo-20y-qc,42,215,GAUSSIAN,Evolution,true,0.03395144403264936,0.015258731015054067,4.28501363461546,3.0,3.0,355352.22110324417,0.915067331305756,1.5,0.005,15.0,3416.853127053946,Evolution,10197,23.9,215,24.6,2.596,39558,924282.75,false,420664.84375
thermo-20y-qc,42,216,GAUSSIAN,Evolution,true,0.024755639208032337,0.048585839641587816,3.0,2.0,4.0,216005.49332793558,0.8100810724391962,2.2049579033356785,0.003,7.0,3675.930110674361,Evolution,9870,25.6,216,16.5,3.432,35871,774784.6875,false,274410.75
thermo-20y-qc,42,217,GAUSSIAN,Evolution,true,0.029927673764644013,0.08329932164633688,3.5038694580632668,2.0,3.0,916255.7746182769,0.6708704903821182,1.7027259520058706,0.003,7.0,3218.0518947171927,Evolution,4909,16.3,217,11.6,1.889,21428,2133230.25,false,1040430.8125
thermo-20y-qc,42,218,GAUSSIAN,Evolution,true,0.024755639208032337,0.048585839641587816,3.0,2.0,4.0,216005.49332793558,0.8100810724391962,2.2049579033356785,0.003,7.0,3675.930110674361,Evolution,9870,25.6,218,16.5,3.432,35871,774784.6875,true,274410.75
thermo-20y-qc,42,219,GAUSSIAN,Evolution,true,0.02330840213219885,0.015258731015054067,3.0,3.0,3.0,95876.49242524855,0.915067331305756,1.5,0.005,15.0,4635.2114602488555,Evolution,22396,33.0,219,25.9,4.601,74501,355062.515625,true,120778.015625
thermo-20y-qc,42,220,GAUSSIAN,Evolution,true,0.025621660260041635,0.03802659879563827,3.0,2.0,6.0,216005.49332793558,0.8100810724391962,2.2049579033356785,0.003,7.0,3228.8299199538474,Evolution,7495,24.2,220,14.0,2.419,27734,864914.5625,true,285554.84375
thermo-20y-qc,42,221,GAUSSIAN,Evolution,true,0.02330840213219885,0.015258731015054067,3.5658148701449517,3.0,3.0,429202.5091684884,0.915067331305756,1.5,0.005,15.0,3867.193140794224,Evolution,9573,23.8,221,20.5,2.531,37672,1033983.8125,true,494835.390625
thermo-20y-qc,42,222,GAUSSIAN,Evolution,true,0.01998243492312116,0.015258731015054067,3.0,3.0,3.0,95876.49242524855,0.915067331305756,1.5,0.005,15.0,4551.411703504115,Evolution,22722,33.5,222,26.1,5.136,74969,353587.34375,false,120760.40625
thermo-20y-qc,42,223,GAUSSIAN,Evolution,true,0.029927673764644013,0.05879221657220782,3.1621204399788443,2.0,3.0,1009573.1944691526,0.6708704903821182,1.646488722812628,0.003,7.0,3694.405398856257,Evolution,4698,16.4,223,9.8,1.916,20634,2260620.375,true,1135690.0625
thermo-20y-qc,42,224,GAUSSIAN,Evolution,true,0.02330840213219885,0.015258731015054067,3.5658148701449517,3.0,3.0,429202.5091684884,0.915067331305756,1.5,0.005,15.0,3867.193140794224,Evolution,9573,23.8,224,20.5,2.531,37672,1033983.8125,true,494835.390625
thermo-20y-qc,42,225,GAUSSIAN,Evolution,true,0.02330840213219885,0.015258731015054067,3.082853436878823,3.0,4.0,377136.6070051315,0.915067331305756,1.5,0.005,15.0,4655.535703020745,Evolution,10514,23.7,225,19.3,3.11,41215,936376.09375,false,440203.921875
thermo-20y-qc,42,226,GAUSSIAN,Evolution,true,0.036212740928186944,0.015258731015054067,3.0,3.0,3.0,369336.25315625797,0.916225598254555,1.5,0.005,15.0,4994.841376611305,Evolution,10355,22.8,226,19.5,3.172,40883,902386.625,false,427276.359375
thermo-20y-qc,42,227,GAUSSIAN,Evolution,true,0.025621660260041635,0.021612262889548005,3.0,2.0,6.0,216005.49332793558,0.8100810724391962,2.2049579033356785,0.003,7.0,3081.0000360555255,Evolution,7660,25.8,227,14.0,2.802,27735,855858.4375,false,283765.453125
thermo-20y-qc,42,228,GAUSSIAN,Evolution,true,0.03395144403264936,0.015258731015054067,3.0,3.0,3.0,346703.6981415108,0.915067331305756,1.5,0.005,15.0,5106.52739471607,Evolution,10997,23.4,228,20.0,3.316,43074,857323.6875,false,405619.328125
thermo-20y-qc,42,229,GAUSSIAN,Evolution,true,0.029927673764644013,0.039495066220133435,3.5038694580632668,2.0,3.0,916255.7746182769,0.6708704903821182,1.637841740186916,0.003,7.0,3476.379450937755,Evolution,5160,18.3,229,11.6,2.277,22074,2043752.5,false,1035124.84375
thermo-20y-qc,42,230,GAUSSIAN,Evolution,true,0.02330840213219885,0.015258731015054067,3.5658148701449517,3.0,3.0,429202.5091684884,0.915067331305756,1.5,0.005,15.0,3867.193140794224,Evolution,9573,23.8,230,20.5,2.531,37672,1033983.8125,true,494835.390625
thermo-20y-qc,42,231,GAUSSIAN,Evolution,true,0.02330840213219885,0.015258731015054067,3.0,3.0,3.0,95876.49242524855,0.915067331305756,1.5,0.005,15.0,4635.2114602488555,Evolution,22396,33.0,231,25.9,4.601,74501,355062.515625,true,120778.015625
thermo-20y-qc,42,232,GAUSSIAN,Evolution,true,0.024755639208032337,0.04990739404378509,3.0,2.0,6.0,216005.49332793558,0.8100810724391962,2.2049579033356785,0.003,7.0,3266.8659042534,Evolution,7424,23.7,232,14.0,2.838,27719,867397.6875,false,285823.703125
thermo-20y-qc,42,233,GAUSSIAN,Evolution,true,0.03395144403264936,0.015258731015054067,3.0,3.0,3.0,355352.22110324417,0.915067331305756,1.5,0.005,15.0,5125.633191268926,Evolution,10815,23.3,233,19.8,2.751,42469,874295.0,true,414789.59375
thermo-20y-qc,42,234,GAUSSIAN,Evolution,true,0.02698930095766207,0.05879221657220782,3.1776489021427916,2.0,3.0,916255.7746182769,0.6708704903821182,1.637841740186916,0.003,7.0,3733.150716638476,Evolution,5171,17.2,234,11.0,1.918,22466,2057588.125,false,1034886.5625
thermo-20y-qc,42,235,GAUSSIAN,Evolution,true,0.024755639208032337,0.048585839641587816,3.0,2.0,4.0,216005.49332793558,0.8100810724391962,2.122180995472729,0.003,7.0,3864.9805043099977,Evolution,10271,25.7,235,17.0,3.503,37239,752765.3125,false,272479.125
thermo-20y-qc,42,236,GAUSSIAN,Evolution,true,0.02157636002818026,0.041233620768986484,3.1643346976164284,2.0,5.0,956848.9010252446,0.8601926083764038,1.9109676780492442,0.003,7.0,3212.4925491439444,Evolution,4318,15.8,236,9.4,1.789,18924,2393550.875,false,1106053.625
thermo-20y-qc,42,237,GAUSSIAN,Evolution,true,0.024755639208032337,0.048585839641587816,3.0,2.0,4.0,216005.49332793558,0.8100810724391962,2.2049579033356785,0.003,7.0,3675.930110674361,Evolution,9870,25.6,237,16.5,3.432,35871,774784.6875,true,274410.75
thermo-20y-qc,42,238,GAUSSIAN,Evolution,true,0.03395144403264936,0.015258731015054067,3.0,3.0,3.0,355352.22110324417,0.915067331305756,1.5,0.005,15.0,5125.633191268926,Evolution,10815,23.3,238,19.8,2.751,42469,874295.0,true,414789.59375
thermo-20y-qc,42,239,GAUSSIAN,Evolution,true,0.02330840213219885,0.015258731015054067,3.082853436878823,3.0,3.0,233621.90538098456,0.915067331305756,1.5271849227805547,0.005,15.0,4826.445472315225,Evolution,13877,26.6,239,22.6,3.88,51671,656921.5625,false,283668.546875
thermo-20y-qc,42,240,GAUSSIAN,Evolution,true,0.03395144403264936,0.015258731015054067,3.0,3.0,3.0,355352.22110324417,0.915067331305756,1.5,0.005,15.0,5125.633191268926,Evolution,10815,23.3,240,19.8,2.751,42469,874295.0,true,414789.59375
thermo-20y-qc,42,241,GAUSSIAN,Evolution,true,0.02330840213219885,0.015258731015054067,3.0,3.0,3.0,377136.6070051315,0.915067331305756,1.5,0.005,15.0,4731.679448400695,Evolution,10783,24.0,241,19.5,2.672,41987,911063.0,true,435733.671875
thermo-20y-qc,42,242,GAUSSIAN,Evolution,true,0.024755639208032337,0.048585839641587816,3.0,2.0,4.0,347123.24110629706,0.8090655350765419,2.2049579033356785,0.003,7.0,3528.6923707957344,Evolution,7972,22.8,242,15.0,2.784,30475,1043925.125,false,425460.125
thermo-20y-qc,42,243,GAUSSIAN,Evolution,true,0.02330840213219885,0.015258731015054067,3.5658148701449517,3.0,3.0,429202.5091684884,0.915067331305756,1.5,0.005,15.0,3867.193140794224,Evolution,9573,23.8,243,20.5,2.531,37672,1033983.8125,true,494835.390625
thermo-20y-qc,42,244,GAUSSIAN,Evolution,true,0.03395144403264936,0.015258731015054067,3.0,3.0,3.0,355352.22110324417,0.915067331305756,1.5,0.005,15.0,5125.633191268926,Evolution,10815,23.3,244,19.8,2.751,42469,874295.0,true,414789.59375
thermo-20y-qc,42,245,GAUSSIAN,Evolution,true,0.037534410233355936,0.02664266490534617,3.082853436878823,3.0,5.0,377136.6070051315,0.915067331305756,1.5,0.005,15.0,4858.432904205082,Evolution,8775,20.9,245,16.9,2.619,35576,1028303.75,false,449763.828125
thermo-20y-qc,42,246,GAUSSIAN,Evolution,true,0.037771395990015944,0.015258731015054067,3.0,3.0,3.0,369336.25315625797,0.915067331305756,1.5,0.005,15.0,5007.897559180669,Evolution,10331,22.8,246,19.4,3.24,40765,902473.5,false,427160.78125
thermo-20y-qc,42,247,GAUSSIAN,Evolution,true,0.02330840213219885,0.015258731015054067,3.4202644800217037,3.0,3.0,429202.5091684884,0.915067331305756,1.5,0.005,15.0,4046.620657846186,Evolution,9620,23.1,247,19.9,2.831,37942,1028049.6875,false,493768.046875
thermo-20y-qc,42,248,GAUSSIAN,Evolution,true,0.037534410233355936,0.02664266490534617,3.082853436878823,3.0,5.0,377136.6070051315,0.9200958700062459,1.5,0.005,15.0,4835.432529473297,Evolution,8684,20.4,248,17.0,2.64,35371,1034106.09375,false,449999.90625
thermo-20y-qc,42,249,GAUSSIAN,Evolution,true,0.03395144403264936,0.015258731015054067,3.0,3.0,3.0,355352.22110324417,0.915067331305756,1.5,0.005,15.0,5125.633191268926,Evolution,10815,23.3,249,19.8,2.751,42469,874295.0,true,414789.59375
thermo-20y-qc,42,250,GAUSSIAN,Evolution,true,0.026783550277598465,0.015258731015054067,3.0,3.0,3.0,95876.49242524855,0.915067331305756,1.5,0.005,15.0,4690.010557562895,Evolution,22134,32.1,250,25.9,5.34,74449,357871.890625,false,121109.3828125
thermo-20y-qc,42,251,GAUSSIAN,Evolution,true,0.02330840213219885,0.038421133233249305,3.0,3.0,3.0,95876.49242524855,0.915067331305756,1.5,0.005,15.0,4993.694330651552,Evolution,21021,28.3,251,25.7,5.562,74453,368787.28125,false,122254.3359375
thermo-20y-qc,42,252,GAUSSIAN,Evolution,true,0.037534410233355936,0.02664266490534617,3.082853436878823,3.0,5.0,231598.4721392313,0.915067331305756,1.5,0.005,15.0,5184.767773477287,Evolution,11280,23.0,252,19.4,3.333,44181,737584.5,false,289224.546875
thermo-20y-qc,42,253,GAUSSIAN,Evolution,true,0.024755639208032337,0.03802659879563827,3.0,2.0,6.0,277882.367809942,0.8100810724391962,2.2049579033356785,0.003,7.0,3178.4243289772285,Evolution,6753,22.8,253,13.6,2.584,25558,1002831.5,false,362952.59375
thermo-20y-qc,42,254,GAUSSIAN,Evolution,true,0.02157636002818026,0.041233620768986484,3.165706873757646,2.0,5.0,956848.9010252446,0.8601926083764038,1.9109676780492442,0.003,7.0,3208.5432542408707,Evolution,4317,15.8,254,9.4,1.462,18923,2394307.75,true,1106529.5
thermo-20y-qc,42,255,GAUSSIAN,Evolution,true,0.029927673764644013,0.07177966144917403,3.5038694580632668,2.0,3.0,916255.7746182769,0.6708704903821182,1.637841740186916,0.003,7.0,3394.2157121412,Evolution,5051,16.7,255,11.5,1.92,21983,2097987.0,false,1037813.1875
thermo-20y-qc,42,256,GAUSSIAN,Evolution,true,0.05353966038995048,0.015258731015054067,3.0,3.0,3.0,487805.90589621663,0.915067331305756,1.5,0.005,15.0,4550.664590044369,Evolution,7956,20.3,256,16.9,2.771,32906,1141637.6875,false,561864.90625
thermo-20y-qc,42,257,GAUSSIAN,Evolution,true,0.029927673764644013,0.05879221657220782,3.1621204399788443,2.0,3.0,1009573.1944691526,0.6610076280702345,1.646488722812628,0.003,7.0,3693.8683432669477,Evolution,4698,16.4,257,9.8,1.788,20637,2260620.375,false,1135394.8125
thermo-20y-qc,42,258,GAUSSIAN,Evolution,true,0.029927673764644013,0.07177966144917403,3.5038694580632668,2.0,3.0,916255.7746182769,0.6708704903821182,1.637841740186916,0.003,7.0,3394.2157121412,Evolution,5051,16.7,258,11.5,1.92,21983,2097987.0,true,1037813.1875
thermo-20y-qc,42,259,GAUSSIAN,Evolution,true,0.03436450140422964,0.02664266490534617,3.082853436878823,3.0,5.0,231598.4721392313,0.915067331305756,1.5,0.005,15.0,5293.03173435026,Evolution,11440,22.9,259,19.6,3.706,44841,734642.03125,false,288618.21875
thermo-20y-qc,42,260,GAUSSIAN,Evolution,true,0.02330840213219885,0.01999315537877604,3.0,3.0,3.0,377136.6070051315,0.915067331305756,1.5472837421709416,0.005,15.0,4707.418969508891,Evolution,10306,23.1,260,18.9,3.296,40602,935901.125,false,439544.28125
thermo-20y-qc,42,261,GAUSSIAN,Evolution,true,0.029927673764644013,0.05879221657220782,3.5038694580632668,2.0,3.0,916255.7746182769,0.6708704903821182,1.637841740186916,0.003,7.0,3458.249387421726,Evolution,5094,17.2,261,11.6,1.902,22038,2077867.9375,true,1036456.9375
thermo-20y-qc,42,262,GAUSSIAN,Evolution,true,0.030134202450434154,0.07177966144917403,3.5452961765026783,2.0,3.0,801731.8066316834,0.6708704903821182,1.637841740186916,0.003,7.0,3476.042903467199,Evolution,5603,17.4,262,13.1,2.029,24054,1856859.0,false,924732.0625
thermo-20y-qc,42,263,GAUSSIAN,Evolution,true,0.03436450140422964,0.02664266490534617,3.082853436878823,3.0,5.0,169721.59765722486,0.915067331305756,1.5265380716723242,0.005,15.0,5262.941882272278,Evolution,13075,24.6,263,20.5,3.803,49589,602912.9375,false,215394.015625
thermo-20y-qc,42,264,GAUSSIAN,Evolution,true,0.029927673764644013,0.07177966144917403,3.5038694580632668,2.0,3.0,916255.7746182769,0.6708704903821182,1.637841740186916,0.003,7.0,3394.2157121412,Evolution,5051,16.7,264,11.5,1.92,21983,2097987.0,true,1037813.1875
thermo-20y-qc,42,265,GAUSSIAN,Evolution,true,0.037534410233355936,0.02664266490534617,3.082853436878823,3.0,5.0,377136.6070051315,0.9124745699187946,1.5,0.005,15.0,4851.178205056337,Evolution,8818,21.1,265,16.9,3.175,35678,1027339.375,false,449477.53125
thermo-20y-qc,42,266,GAUSSIAN,Evolution,true,0.02330840213219885,0.015258731015054067,3.0,3.0,3.0,95876.49242524855,0.915067331305756,1.5,0.005,15.0,4635.2114602488555,Evolution,22396,33.0,266,25.9,4.601,74501,355062.515625,true,120778.015625
thermo-20y-qc,42,267,GAUSSIAN,Evolution,true,0.027817416993107354,0.02664266490534617,3.082853436878823,3.0,5.0,169721.59765722486,0.9527808951941545,1.5265380716723242,0.005,15.0,4890.195819291173,Evolution,11750,22.7,267,20.6,3.507,45399,657010.875,false,220811.6328125
thermo-20y-qc,42,268,GAUSSIAN,Evolution,true,0.02330840213219885,0.015258731015054067,3.082853436878823,3.0,3.0,377136.6070051315,0.915067331305756,1.5,0.005,15.0,4579.987769267592,Evolution,10745,24.2,268,19.8,3.134,41780,913543.875,true,435537.578125
thermo-20y-qc,42,269,GAUSSIAN,Evolution,true,0.03436450140422964,0.02664266490534617,3.0083082188340686,3.0,5.0,231598.4721392313,0.915067331305756,1.5,0.005,15.0,5449.903713375233,Evolution,11523,22.8,269,19.4,3.455,45188,729734.3125,false,288234.859375
thermo-20y-qc,42,270,GAUSSIAN,Evolution,true,0.02330840213219885,0.01999315537877604,3.0,3.0,3.0,377136.6070051315,0.915067331305756,1.5472837421709416,0.005,15.0,4707.418969508891,Evolution,10306,23.1,270,18.9,3.296,40602,935901.125,true,439544.28125
thermo-20y-qc,42,271,GAUSSIAN,Evolution,true,0.037534410233355936,0.02664266490534617,3.082853436878823,3.0,5.0,377136.6070051315,0.915067331305756,1.5,0.005,15.0,4858.432904205082,Evolution,8775,20.9,271,16.9,2.619,35576,1028303.75,true,449763.828125
thermo-20y-qc,42,272,GAUSSIAN,Evolution,true,0.029927673764644013,0.05879221657220782,3.5038694580632668,2.0,3.0,916255.7746182769,0.6708704903821182,1.637841740186916,0.003,7.0,3458.249387421726,Evolution,5094,17.2,272,11.6,1.902,22038,2077867.9375,true,1036456.9375
thermo-20y-qc,42,273,GAUSSIAN,Evolution,true,0.02330840213219885,0.016451567896060684,3.5658148701449517,3.0,3.0,429202.5091684884,0.915067331305756,1.5,0.005,15.0,3887.083271395201,Evolution,9537,23.5,273,20.5,2.625,37672,1032996.5625,false,494842.328125
thermo-20y-qc,42,274,GAUSSIAN,Evolution,true,0.02330840213219885,0.015258731015054067,3.0,3.0,3.0,95876.49242524855,0.915067331305756,1.5,0.005,15.0,4635.2114602488555,Evolution,22396,33.0,274,25.9,4.601,74501,355062.515625,true,120778.015625
thermo-20y-qc,42,275,GAUSSIAN,Evolution,true,0.02330840213219885,0.015258731015054067,3.5658148701449517,3.0,3.0,429202.5091684884,0.915067331305756,1.5,0.005,15.0,3867.193140794224,Evolution,9573,23.8,275,20.5,2.531,37672,1033983.8125,true,494835.390625
thermo-20y-qc,42,276,GAUSSIAN,Evolution,true,0.024755639208032337,0.048585839641587816,3.0,2.0,4.0,137822.39432703855,0.8100810724391962,2.201292698628485,0.003,7.0,3662.5623944179215,Evolution,11714,27.9,276,17.4,3.526,40845,597592.0,false,184892.7890625
thermo-20y-qc,42,277,GAUSSIAN,Evolution,true,0.047864628706958415,0.02664266490534617,3.0083082188340686,3.0,5.0,262536.90938023455,0.915067331305756,1.5,0.005,15.0,4985.3363914373085,Evolution,10280,21.7,277,18.8,3.205,40875,805530.03125,false,327822.203125
thermo-20y-qc,42,278,GAUSSIAN,Evolution,true,0.02330840213219885,0.01999315537877604,3.0,3.0,3.0,377136.6070051315,0.915067331305756,1.5063736126304006,0.005,15.0,4786.408651545603,Evolution,10619,23.2,278,19.3,3.189,41796,916301.8125,false,436172.734375
thermo-20y-qc,42,279,GAUSSIAN,Evolution,true,0.02157636002818026,0.041233620768986484,3.165706873757646,3.0,5.0,956848.9010252446,0.8601926083764038,1.9109676780492442,0.005,15.0,3066.093753275338,Evolution,4390,16.2,279,9.5,1.869,19082,2360419.0,false,1102663.4375
thermo-20y-qc,42,280,GAUSSIAN,Evolution,true,0.020249804436911434,0.015258731015054067,3.082853436878823,3.0,3.0,415958.5448476095,0.915067331305756,1.5,0.005,15.0,4453.106174089069,Evolution,10089,23.9,280,19.1,2.953,39520,990168.5,false,478232.734375
thermo-20y-qc,42,281,GAUSSIAN,Evolution,true,0.02330840213219885,0.015258731015054067,3.037272609022377,3.0,3.0,369336.25315625797,0.915067331305756,1.5,0.005,15.0,4696.906494485814,Evolution,10928,24.2,281,19.8,3.445,42436,895939.875,false,426938.96875
thermo-20y-qc,42,282,GAUSSIAN,Evolution,true,0.02330840213219885,0.015258731015054067,3.0,3.0,3.0,95876.49242524855,0.915067331305756,1.5,0.005,15.0,4635.2114602488555,Evolution,22396,33.0,282,25.9,4.601,74501,355062.515625,true,120778.015625
thermo-20y-qc,42,283,GAUSSIAN,Evolution,true,0.037534410233355936,0.02664266490534617,3.082853436878823,3.0,5.0,377136.6070051315,0.915067331305756,1.5,0.005,15.0,4858.432904205082,Evolution,8775,20.9,283,16.9,2.619,35576,1028303.75,true,449763.828125
thermo-20y-qc,42,284,GAUSSIAN,Evolution,true,0.0209191855803788,0.01999315537877604,3.0,3.0,3.0,377136.6070051315,0.915067331305756,1.5340147063347795,0.005,15.0,4764.925133559388,Evolution,10404,23.0,284,19.1,3.378,40993,932139.875,false,438716.59375
thermo-20y-qc,42,285,GAUSSIAN,Evolution,true,0.03436450140422964,0.02664266490534617,3.0083082188340686,2.0,5.0,231598.4721392313,0.915067331305756,1.5,0.003,7.0,5269.351675509001,Evolution,11416,23.5,285,19.2,3.863,44106,728245.46875,false,288618.21875
thermo-20y-qc,42,286,GAUSSIAN,Evolution,true,0.02330840213219885,0.015258731015054067,3.0,3.0,3.0,369336.25315625797,0.915067331305756,1.5,0.005,15.0,4756.27343272351,Evolution,10949,24.2,286,19.7,3.028,42526,894483.375,true,426895.28125
thermo-20y-qc,42,287,GAUSSIAN,Evolution,true,0.02330840213219885,0.015258731015054067,3.5658148701449517,3.0,3.0,398264.0719274852,0.9228412738046143,1.5,0.005,15.0,3822.598675293456,Evolution,9994,23.7,287,21.4,3.378,39103,982412.46875,false,461357.71875
thermo-20y-qc,42,288,GAUSSIAN,Evolution,true,0.03436450140422964,0.02664266490534617,3.0083082188340686,3.0,5.0,231598.4721392313,0.915067331305756,1.5,0.005,15.0,5449.903713375233,Evolution,11523,22.8,288,19.4,3.455,45188,729734.3125,true,288234.859375
thermo-20y-qc,42,289,GAUSSIAN,Evolution,true,0.03436450140422964,0.02664266490534617,3.0083082188340686,3.0,5.0,231598.4721392313,0.915067331305756,1.5,0.005,15.0,5449.903713375233,Evolution,11523,22.8,289,19.4,3.455,45188,729734.3125,true,288234.859375
thermo-20y-qc,42,290,GAUSSIAN,Evolution,true,0.03436450140422964,0.02664266490534617,3.0083082188340686,3.0,5.0,231598.4721392313,0.915067331305756,1.5,0.005,15.0,5449.903713375233,Evolution,11523,22.8,290,19.4,3.455,45188,729734.3125,true,288234.859375
thermo-20y-qc,42,291,GAUSSIAN,Evolution,true,0.03436450140422964,0.02664266490534617,3.0083082188340686,2.0,5.0,231598.4721392313,0.8911966076063568,1.5,0.003,7.0,5269.028956422018,Evolution,12012,25.0,291,18.8,4.101,45344,706412.625,false,286293.78125
thermo-20y-qc,42,292,GAUSSIAN,Evolution,true,0.029927673764644013,0.07177966144917403,4.154088073126521,2.0,3.0,916255.7746182769,0.6708704903821182,1.637841740186916,0.003,7.0,2941.0118408880667,Evolution,4989,16.7,292,13.1,1.929,21620,2115926.25,false,1041988.34375
thermo-20y-qc,42,293,GAUSSIAN,Evolution,true,0.029927673764644013,0.05879221657220782,3.5038694580632668,2.0,3.0,606042.2468705266,0.6708704903821182,1.637841740186916,0.003,7.0,3774.51386169226,Evolution,7063,19.7,293,15.2,2.333,29109,1419593.875,false,696016.15625
thermo-20y-qc,42,294,GAUSSIAN,Evolution,true,0.03436450140422964,0.02664266490534617,3.0083082188340686,2.0,5.0,231598.4721392313,0.915067331305756,1.5,0.003,7.0,5269.351675509001,Evolution,11416,23.5,294,19.2,3.863,44106,728245.46875,true,288618.21875
thermo-20y-qc,42,295,GAUSSIAN,Evolution,true,0.037534410233355936,0.04410408396211654,3.082853436878823,3.0,5.0,377136.6070051315,0.915067331305756,1.5,0.005,15.0,4958.384678122451,Evolution,8584,19.5,295,16.8,2.711,35557,1038910.75,false,451137.09375
thermo-20y-qc,42,296,GAUSSIAN,Evolution,true,0.02330840213219885,0.015258731015054067,3.082853436878823,3.0,3.0,377136.6070051315,0.915067331305756,1.5,0.005,15.0,4579.987769267592,Evolution,10745,24.2,296,19.8,3.134,41780,913543.875,true,435537.578125
thermo-20y-qc,42,297,GAUSSIAN,Evolution,true,0.03436450140422964,0.02664266490534617,3.0083082188340686,2.0,5.0,231598.4721392313,0.8911966076063568,1.5,0.003,7.0,5269.028956422018,Evolution,12012,25.0,297,18.8,4.101,45344,706412.625,true,286293.78125
thermo-20y-qc,42,298,GAUSSIAN,Evolution,true,0.02330840213219885,0.01999315537877604,3.0,3.0,3.0,377136.6070051315,0.915067331305756,1.5472837421709416,0.005,15.0,4707.418969508891,Evolution,10306,23.1,298,18.9,3.296,40602,935901.125,true,439544.28125
thermo-20y-qc,42,299,GAUSSIAN,Evolution,true,0.03436450140422964,0.02664266490534617,3.0083082188340686,2.0,5.0,231598.4721392313,0.8911966076063568,1.5,0.003,7.0,5269.028956422018,Evolution,12012,25.0,299,18.8,4.101,45344,706412.625,true,286293.78125
thermo-20y-qc,42,300,GAUSSIAN,Evolution,true,0.02330840213219885,0.015258731015054067,3.5658148701449517,3.0,3.0,429202.5091684884,0.915067331305756,1.5,0.005,15.0,3867.193140794224,Evolution,9573,23.8,300,20.5,2.531,37672,1033983.8125,true,494835.390625
thermo-20y-qc,42,301,GAUSSIAN,Evolution,true,0.02330840213219885,0.015258731015054067,3.6090635814199232,3.0,3.0,429202.5091684884,0.915067331305756,1.5,0.005,15.0,3810.2724225089796,Evolution,9557,23.8,301,20.6,2.646,37585,1035740.5625,false,494768.359375
thermo-20y-qc,42,302,GAUSSIAN,Evolution,true,0.02330840213219885,0.01999315537877604,3.0,3.0,3.0,377136.6070051315,0.9418062175732373,1.5472837421709416,0.005,15.0,4468.084903971562,Evolution,9839,22.0,302,19.2,2.959,39103,961038.6875,false,441370.5625
thermo-20y-qc,42,303,GAUSSIAN,Evolution,true,0.02330840213219885,0.015258731015054067,3.03297558454417,3.0,3.0,77311.46070266521,0.915067331305756,1.5,0.005,15.0,4408.387631274811,Evolution,24765,35.2,303,26.8,4.636,79604,302043.59375,false,96310.09765625
thermo-20y-qc,42,304,GAUSSIAN,Evolution,true,0.03436450140422964,0.02664266490534617,3.0083082188340686,3.0,5.0,231598.4721392313,0.915067331305756,1.5,0.005,15.0,5449.903713375233,Evolution,11523,22.8,304,19.4,3.455,45188,729734.3125,true,288234.859375
thermo-20y-qc,42,305,GAUSSIAN,Evolution,true,0.02330840213219885,0.015258731015054067,3.0,3.0,3.0,369336.25315625797,0.915067331305756,1.6508239452552003,0.005,15.0,4304.164539191473,Evolution,9906,23.1,305,18.6,2.576,38465,952721.59375,false,432704.109375
thermo-20y-qc,42,306,GAUSSIAN,Evolution,true,0.037534410233355936,0.02664266490534617,3.082853436878823,3.0,5.0,377136.6070051315,0.915067331305756,1.5,0.005,15.0,4858.432904205082,Evolution,8775,20.9,306,16.9,2.619,35576,1028303.75,true,449763.828125
thermo-20y-qc,42,307,GAUSSIAN,Evolution,true,0.03436450140422964,0.02664266490534617,3.0083082188340686,2.0,5.0,231598.4721392313,0.8911966076063568,1.5,0.003,7.0,5269.028956422018,Evolution,12012,25.0,307,18.8,4.101,45344,706412.625,true,286293.78125
thermo-20y-qc,42,308,GAUSSIAN,Evolution,true,0.029927673764644013,0.04977605399095188,3.5038694580632668,2.0,3.0,742797.031905334,0.6708704903821182,1.6217545352453975,0.003,7.0,3629.009323554654,Evolution,6087,19.1,308,13.7,1.745,25634,1693285.0,false,851095.0625
thermo-20y-qc,42,309,GAUSSIAN,Evolution,true,0.02330840213219885,0.01999315537877604,3.0,3.0,3.0,377136.6070051315,0.915067331305756,1.5472837421709416,0.005,15.0,4707.418969508891,Evolution,10306,23.1,309,18.9,3.296,40602,935901.125,true,439544.28125
thermo-20y-qc,42,310,GAUSSIAN,Evolution,true,0.02330840213219885,0.015258731015054067,4.126248531641595,2.0,3.0,429202.5091684884,0.915067331305756,1.5,0.003,7.0,3523.6725583441,Evolution,9271,23.8,310,22.3,2.042,36379,1057393.5,false,497297.9375
thermo-20y-qc,42,311,GAUSSIAN,Evolution,true,0.026786351073574174,0.02664266490534617,3.0083082188340686,3.0,5.0,536763.3247187075,0.915067331305756,1.5,0.005,15.0,4582.976126626987,Evolution,7332,20.4,311,15.0,2.008,30578,1352209.1875,false,624341.625
thermo-20y-qc,42,312,GAUSSIAN,Evolution,true,0.03436450140422964,0.02664266490534617,3.0041541094170343,2.0,5.0,231598.4721392313,0.8911966076063568,1.5,0.003,7.0,5273.4065689408135,Evolution,12019,25.0,312,18.8,3.158,45365,706141.4375,false,286280.734375
thermo-20y-qc,42,313,GAUSSIAN,Evolution,true,0.02330840213219885,0.015258731015054067,3.082853436878823,3.0,3.0,377136.6070051315,0.915067331305756,1.5,0.005,15.0,4579.987769267592,Evolution,10745,24.2,313,19.8,3.134,41780,913543.875,true,435537.578125
thermo-20y-qc,42,314,GAUSSIAN,Evolution,true,0.03436450140422964,0.02664266490534617,3.0083082188340686,2.0,5.0,457655.9890733004,0.915067331305756,1.5,0.003,7.0,5112.666926263979,Evolution,7775,20.6,314,15.5,2.191,32101,1195399.5,false,540444.75
thermo-20y-qc,42,315,GAUSSIAN,Evolution,true,0.02330840213219885,0.015258731015054067,5.790994792930918,3.0,3.0,429202.5091684884,0.915067331305756,1.5,0.005,15.0,2963.5900475258595,Evolution,9190,24.1,315,24.3,1.836,35770,1070968.875,false,499571.40625
thermo-20y-qc,42,316,GAUSSIAN,Evolution,true,0.042216706061327096,0.02664266490534617,3.004432695589435,3.0,5.0,231598.4721392313,0.8789716787821568,1.5,0.005,15.0,5136.327357601525,Evolution,12029,24.8,316,18.7,3.409,45629,704649.8125,false,285432.234375
thermo-20y-qc,42,317,GAUSSIAN,Evolution,true,0.03436450140422964,0.02664266490534617,3.0083082188340686,3.0,5.0,231598.4721392313,0.920405577069313,1.5,0.005,15.0,5418.072198540407,Evolution,11379,22.4,317,19.5,3.518,44807,735684.375,false,288546.515625
thermo-20y-qc,42,318,GAUSSIAN,Evolution,true,0.019854183267944164,0.015258731015054067,3.5658148701449517,3.0,3.0,429202.5091684884,0.915067331305756,1.5,0.005,15.0,3831.2852498017446,Evolution,9643,23.9,318,20.7,2.843,37830,1031830.1875,false,494889.296875
thermo-20y-qc,42,319,GAUSSIAN,Evolution,true,0.03436450140422964,0.016404729586975825,3.0041541094170343,2.0,5.0,231598.4721392313,0.8911966076063568,1.5,0.003,7.0,5132.866297782285,Evolution,12184,26.1,319,18.9,3.575,45362,704179.65625,false,285952.671875
thermo-20y-qc,42,320,GAUSSIAN,Evolution,true,0.03436450140422964,0.02664266490534617,3.0083082188340686,2.0,5.0,231598.4721392313,0.915067331305756,1.5,0.003,7.0,5269.351675509001,Evolution,11416,23.5,320,19.2,3.863,44106,728245.46875,true,288618.21875
thermo-20y-qc,42,321,GAUSSIAN,Evolution,true,0.02330840213219885,0.017796535553041823,3.5658148701449517,3.0,3.0,429202.5091684884,0.915067331305756,1.5,0.005,15.0,3910.349313795758,Evolution,9511,23.3,321,20.5,2.688,37671,1033707.75,false,494839.25
thermo-20y-qc,42,322,GAUSSIAN,Evolution,true,0.055552767907921914,0.07177966144917403,3.5038694580632668,2.0,3.0,916255.7746182769,0.6708704903821182,1.637841740186916,0.003,7.0,3042.1611712717913,Evolution,4749,17.1,322,11.6,1.711,20593,2097987.0,false,1036456.9375
thermo-20y-qc,42,323,GAUSSIAN,Evolution,true,0.02330840213219885,0.015258731015054067,3.5658148701449517,3.0,3.0,429202.5091684884,0.915067331305756,1.5,0.005,15.0,3867.193140794224,Evolution,9573,23.8,323,20.5,2.531,37672,1033983.8125,true,494835.390625
thermo-20y-qc,42,324,GAUSSIAN,Evolution,true,0.03436450140422964,0.02664266490534617,3.0083082188340686,3.0,4.0,231598.4721392313,0.915067331305756,1.5,0.005,15.0,5534.538447982141,Evolution,13096,23.0,324,21.7,3.657,51069,668537.0625,false,283553.15625
thermo-20y-qc,42,325,GAUSSIAN,Evolution,true,0.037534410233355936,0.03233463185049222,3.082853436878823,3.0,5.0,377136.6070051315,0.915067331305756,1.5,0.005,15.0,4907.749388581227,Evolution,8720,20.4,325,16.9,2.855,35573,1031682.25,false,450332.1875
thermo-20y-qc,42,326,GAUSSIAN,Evolution,true,0.02330840213219885,0.016112316523771313,3.0,3.0,3.0,377136.6070051315,0.915067331305756,1.5472837421709416,0.005,15.0,4680.218338998079,Evolution,10379,23.7,326,19.0,3.05,40602,932137.125,false,438843.84375
thermo-20y-qc,42,327,GAUSSIAN,Evolution,true,0.037534410233355936,0.03233463185049222,3.082853436878823,3.0,5.0,475938.62551976,0.915067331305756,1.5,0.005,15.0,4888.654054054054,Evolution,7504,20.2,327,15.4,2.541,31265,1248619.25,false,564085.9375
thermo-20y-qc,42,328,GAUSSIAN,Evolution,true,0.03436450140422964,0.02664266490534617,3.0083082188340686,2.0,5.0,231598.4721392313,0.8911966076063568,1.5,0.003,7.0,5269.028956422018,Evolution,12012,25.0,328,18.8,4.101,45344,706412.625,true,286293.78125
thermo-20y-qc,42,329,GAUSSIAN,Evolution,true,0.03436450140422964,0.02664266490534617,3.0,2.0,5.0,91769.81089538184,0.8911966076063568,1.5,0.003,7.0,4946.723169075953,Evolution,18628,31.7,329,21.0,4.534,62605,374781.875,false,115519.12890625
thermo-20y-qc,42,330,GAUSSIAN,Evolution,true,0.03436450140422964,0.02664266490534617,3.0,2.0,5.0,91769.81089538184,0.8911966076063568,1.5,0.003,7.0,4946.723169075953,Evolution,18628,31.7,330,21.0,4.534,62605,374781.875,true,115519.12890625
thermo-20y-qc,42,331,GAUSSIAN,Evolution,true,0.03436450140422964,0.02664266490534617,3.0083082188340686,3.0,4.0,83792.33067048367,0.915067331305756,1.5,0.005,15.0,5148.984469192425,Evolution,20767,28.8,331,25.0,5.026,72823,352738.03125,false,108441.796875
thermo-20y-qc,42,332,GAUSSIAN,Evolution,true,0.03436450140422964,0.013582632049656668,3.0083082188340686,2.0,5.0,231598.4721392313,0.9286562594867529,1.5,0.003,7.0,5120.585614774016,Evolution,11241,23.7,332,19.4,3.658,43211,741333.875,false,290170.875
thermo-20y-qc,42,333,GAUSSIAN,Evolution,true,0.03436450140422964,0.02664266490534617,3.0083082188340686,3.0,5.0,231598.4721392313,0.915067331305756,1.5,0.005,15.0,5449.903713375233,Evolution,11523,22.8,333,19.4,3.455,45188,729734.3125,true,288234.859375
thermo-20y-qc,42,334,GAUSSIAN,Evolution,true,0.02330840213219885,0.015258731015054067,3.5658148701449517,3.0,3.0,429202.5091684884,0.915067331305756,1.5,0.005,15.0,3867.193140794224,Evolution,9573,23.8,334,20.5,2.531,37672,1033983.8125,true,494835.390625
thermo-20y-qc,42,335,GAUSSIAN,Evolution,true,0.03436450140422964,0.02664266490534617,3.0041541094170343,2.0,6.0,231598.4721392313,0.8911966076063568,1.5,0.003,7.0,4498.824788561668,Evolution,9523,24.6,335,16.3,2.879,36299,760005.5625,false,290876.359375
thermo-20y-qc,42,336,GAUSSIAN,Evolution,true,0.03436450140422964,0.02664266490534617,3.0083082188340686,3.0,4.0,231598.4721392313,0.915067331305756,1.5,0.005,15.0,5534.538447982141,Evolution,13096,23.0,336,21.7,3.657,51069,668537.0625,true,283553.15625
thermo-20y-qc,42,337,GAUSSIAN,Evolution,true,0.02330840213219885,0.015258731015054067,3.0,3.0,3.0,77142.31378339128,0.915067331305756,1.5,0.005,15.0,4469.408608468452,Evolution,24886,35.2,337,26.7,5.421,79991,300438.765625,false,95992.484375
thermo-20y-qc,42,338,GAUSSIAN,Evolution,true,0.03436450140422964,0.02664266490534617,3.0041541094170343,2.0,5.0,231598.4721392313,0.8911966076063568,1.5,0.003,7.0,5273.4065689408135,Evolution,12019,25.0,338,18.8,3.158,45365,706141.4375,true,286280.734375
thermo-20y-qc,42,339,GAUSSIAN,Evolution,true,0.03436450140422964,0.02664266490534617,3.0083082188340686,2.0,5.0,231598.4721392313,0.915067331305756,1.5,0.003,7.0,5269.351675509001,Evolution,11416,23.5,339,19.2,3.863,44106,728245.46875,true,288618.21875
thermo-20y-qc,42,340,GAUSSIAN,Evolution,true,0.03436450140422964,0.02664266490534617,3.0083082188340686,2.0,3.0,231598.4721392313,0.915509871224347,1.5,0.003,7.0,5129.170289996488,Evolution,13479,24.0,340,22.3,3.913,51242,644849.1875,false,280950.9375
thermo-20y-qc,42,341,GAUSSIAN,Evolution,true,0.03436450140422964,0.02664266490534617,3.0083082188340686,2.0,5.0,231598.4721392313,0.8911966076063568,1.5,0.003,7.0,5269.028956422018,Evolution,12012,25.0,341,18.8,4.101,45344,706412.625,true,286293.78125
thermo-20y-qc,42,342,GAUSSIAN,Evolution,true,0.02330840213219885,0.005783805657792454,3.5658148701449517,3.0,3.0,450913.3712029644,0.915067331305756,1.5,0.005,15.0,3488.375263085964,Evolution,9759,27.4,342,20.3,2.667,36585,1063698.125,false,520310.8125
thermo-20y-qc,42,343,GAUSSIAN,Evolution,true,0.03436450140422964,0.02664266490534617,3.0,2.0,5.0,91769.81089538184,0.8911966076063568,1.5,0.003,7.0,4946.723169075953,Evolution,18628,31.7,343,21.0,4.534,62605,374781.875,true,115519.12890625
thermo-20y-qc,42,344,GAUSSIAN,Evolution,true,0.03436450140422964,0.02664266490534617,3.0083082188340686,2.0,5.0,231598.4721392313,0.8911966076063568,1.5,0.003,7.0,5269.028956422018,Evolution,12012,25.0,344,18.8,4.101,45344,706412.625,true,286293.78125
thermo-20y-qc,42,345,GAUSSIAN,Evolution,true,0.03436450140422964,0.02664266490534617,3.0083082188340686,2.0,5.0,231598.4721392313,0.8911966076063568,1.5,0.003,7.0,5269.028956422018,Evolution,12012,25.0,345,18.8,4.101,45344,706412.625,true,286293.78125
thermo-20y-qc,42,346,GAUSSIAN,Evolution,true,0.03436450140422964,0.02664266490534617,3.0083082188340686,2.0,6.0,255200.4919505633,0.915067331305756,1.5,0.003,7.0,4338.75264903578,Evolution,8673,22.7,346,16.1,2.908,34069,835540.6875,false,322660.921875
thermo-20y-qc,42,347,GAUSSIAN,Evolution,true,0.02330840213219885,0.01999315537877604,3.0,3.0,3.0,377136.6070051315,0.915067331305756,1.5472837421709416,0.005,15.0,4707.418969508891,Evolution,10306,23.1,347,18.9,3.296,40602,935901.125,true,439544.28125
thermo-20y-qc,42,348,GAUSSIAN,Evolution,true,0.03436450140422964,0.02664266490534617,3.0041541094170343,2.0,5.0,469032.5090361701,0.8911966076063568,1.5,0.003,7.0,5182.9012770442005,Evolution,7935,21.9,348,15.0,2.432,32262,1195325.625,false,550116.09375
thermo-20y-qc,42,349,GAUSSIAN,Evolution,true,0.03436450140422964,0.02664266490534617,3.0083082188340686,3.0,4.0,141326.4347768717,0.915067331305756,1.5,0.005,15.0,5314.809004048583,Evolution,16698,25.7,349,23.5,4.252,61750,481030.40625,false,178995.03125
thermo-20y-qc,42,350,GAUSSIAN,Evolution,true,0.02330840213219885,0.015258731015054067,3.0,3.0,3.0,95876.49242524855,0.915067331305756,1.5,0.005,15.0,4635.2114602488555,Evolution,22396,33.0,350,25.9,4.601,74501,355062.515625,true,120778.015625
thermo-20y-qc,42,351,GAUSSIAN,Evolution,true,0.03436450140422964,0.02664266490534617,3.0083082188340686,2.0,5.0,231598.4721392313,0.8318647977078446,1.5,0.003,7.0,4958.3356413071015,Evolution,13010,26.5,351,18.1,3.716,47372,674143.375,false,282084.828125
thermo-20y-qc,42,352,GAUSSIAN,Evolution,true,0.02330840213219885,0.015258731015054067,3.5658148701449517,3.0,3.0,429202.5091684884,0.915067331305756,1.5,0.005,15.0,3867.193140794224,Evolution,9573,23.8,352,20.5,2.531,37672,1033983.8125,true,494835.390625
thermo-20y-qc,42,353,GAUSSIAN,Evolution,true,0.03436450140422964,0.02477679235506811,3.0,2.0,5.0,91769.81089538184,0.8911966076063568,1.5,0.003,7.0,4923.857466894558,Evolution,18702,32.1,353,21.1,4.502,62603,373776.34375,false,115366.2109375
thermo-20y-qc,42,354,GAUSSIAN,Evolution,true,0.03436450140422964,0.0018871073290207749,3.0,2.0,6.0,231598.4721392313,0.8911966076063568,1.5,0.003,7.0,3029.0065274870553,Evolution,11226,33.6,354,16.4,3.211,36308,789395.375,false,292923.078125
thermo-20y-qc,42,355,GAUSSIAN,Evolution,true,0.03436450140422964,0.016524546328161374,3.0041541094170343,2.0,5.0,231598.4721392313,0.8911966076063568,1.5,0.003,7.0,5132.753146837731,Evolution,12185,26.1,355,18.9,3.46,45363,704230.875,false,285952.671875
thermo-20y-qc,42,356,GAUSSIAN,Evolution,true,0.03436450140422964,0.02664266490534617,3.0083082188340686,3.0,4.0,231598.4721392313,0.915067331305756,1.5,0.005,15.0,5534.538447982141,Evolution,13096,23.0,356,21.7,3.657,51069,668537.0625,true,283553.15625
thermo-20y-qc,42,357,GAUSSIAN,Evolution,true,0.03436450140422964,0.02664266490534617,3.0083082188340686,2.0,5.0,231598.4721392313,0.8987934276385782,1.5,0.003,7.0,5289.149506754355,Evolution,11835,24.5,357,18.9,3.453,45008,710892.875,false,286349.8125
thermo-20y-qc,42,358,GAUSSIAN,Evolution,true,0.03436450140422964,0.02664266490534617,3.0083082188340686,3.0,4.0,231598.4721392313,0.915067331305756,1.5,0.005,15.0,5534.538447982141,Evolution,13096,23.0,358,21.7,3.657,51069,668537.0625,true,283553.15625
thermo-20y-qc,42,359,GAUSSIAN,Evolution,true,0.03436450140422964,0.02664266490534617,3.0083082188340686,2.0,5.0,231598.4721392313,0.8911966076063568,1.5,0.003,7.0,5269.028956422018,Evolution,12012,25.0,359,18.8,4.101,45344,706412.625,true,286293.78125
thermo-20y-qc,42,360,GAUSSIAN,Evolution,true,0.03436450140422964,0.02664266490534617,3.0041541094170343,2.0,5.0,231598.4721392313,0.8911966076063568,1.5,0.003,7.0,5273.4065689408135,Evolution,12019,25.0,360,18.8,3.158,45365,706141.4375,true,286280.734375
thermo-20y-qc,42,361,GAUSSIAN,Evolution,true,0.03436450140422964,0.02664266490534617,3.0083082188340686,3.0,4.0,231598.4721392313,0.915067331305756,1.5,0.005,15.0,5534.538447982141,Evolution,13096,23.0,361,21.7,3.657,51069,668537.0625,true,283553.15625
thermo-20y-qc,42,362,GAUSSIAN,Evolution,true,0.03436450140422964,0.02664266490534617,3.0,2.0,5.0,91769.81089538184,0.8911966076063568,1.5,0.003,7.0,4946.723169075953,Evolution,18628,31.7,362,21.0,4.534,62605,374781.875,true,115519.12890625
thermo-20y-qc,42,363,GAUSSIAN,Evolution,true,0.02330840213219885,0.03126559755084239,3.0,3.0,3.0,377136.6070051315,0.915067331305756,1.5144674767680595,0.005,15.0,4963.259475850119,Evolution,10366,22.0,363,19.2,3.181,41553,929037.5625,false,437431.25
thermo-20y-qc,42,364,GAUSSIAN,Evolution,true,0.03436450140422964,0.02664266490534617,3.0083082188340686,3.0,4.0,231598.4721392313,0.915067331305756,1.5,0.005,15.0,5534.538447982141,Evolution,13096,23.0,364,21.7,3.657,51069,668537.0625,true,283553.15625
thermo-20y-qc,42,365,GAUSSIAN,Evolution,true,0.03436450140422964,0.02664266490534617,3.0083082188340686,2.0,5.0,231598.4721392313,0.8911966076063568,1.5,0.003,7.0,5269.028956422018,Evolution,12012,25.0,365,18.8,4.101,45344,706412.625,true,286293.78125
thermo-20y-qc,42,366,GAUSSIAN,Evolution,true,0.03436450140422964,0.02664266490534617,3.0083082188340686,3.0,4.0,231598.4721392313,0.915067331305756,1.5,0.005,15.0,5534.538447982141,Evolution,13096,23.0,366,21.7,3.657,51069,668537.0625,true,283553.15625
thermo-20y-qc,42,367,GAUSSIAN,Evolution,true,0.03436450140422964,0.02664266490534617,3.0083082188340686,3.0,4.0,231598.4721392313,0.915067331305756,1.5,0.005,15.0,5534.538447982141,Evolution,13096,23.0,367,21.7,3.657,51069,668537.0625,true,283553.15625
thermo-20y-qc,42,368,GAUSSIAN,Evolution,true,0.03436450140422964,0.02664266490534617,3.0083082188340686,2.0,5.0,231598.4721392313,0.915067331305756,1.5,0.003,7.0,5269.351675509001,Evolution,11416,23.5,368,19.2,3.863,44106,728245.46875,true,288618.21875
thermo-20y-qc,42,369,GAUSSIAN,Evolution,true,0.03436450140422964,0.02664266490534617,3.0041541094170343,2.0,5.0,316362.6323270334,0.8911966076063568,1.5,0.003,7.0,5156.3282210133975,Evolution,10195,23.6,369,17.5,3.031,39708,879907.0,false,379264.234375
thermo-20y-qc,42,370,GAUSSIAN,Evolution,true,0.03436450140422964,0.02664266490534617,3.0041541094170343,2.0,5.0,231598.4721392313,0.9012335598366424,1.5,0.003,7.0,5267.329762594094,Evolution,11782,24.4,370,19.0,3.545,44902,713353.78125,false,286496.875
thermo-20y-qc,42,371,GAUSSIAN,Evolution,true,0.03436450140422964,0.02664266490534617,3.0083082188340686,2.0,5.0,231598.4721392313,0.8911966076063568,1.5,0.003,7.0,5269.028956422018,Evolution,12012,25.0,371,18.8,4.101,45344,706412.625,true,286293.78125
thermo-20y-qc,42,372,GAUSSIAN,Evolution,true,0.03436450140422964,0.02664266490534617,3.0083082188340686,2.0,6.0,231598.4721392313,0.8911966076063568,1.5,0.003,7.0,4492.444444444444,Evolution,9518,24.6,372,16.3,3.07,36288,759904.65625,false,290763.78125
thermo-20y-qc,42,373,GAUSSIAN,Evolution,true,0.03436450140422964,0.02664266490534617,3.291859647862061,2.0,5.0,231598.4721392313,0.915067331305756,1.5,0.003,7.0,4842.261655255927,Evolution,11121,23.6,373,20.0,3.155,42942,748103.9375,false,290197.59375
thermo-20y-qc,42,374,GAUSSIAN,Evolution,true,0.03436450140422964,0.02664266490534617,3.0083082188340686,3.0,4.0,231598.4721392313,0.915067331305756,1.5,0.005,15.0,5534.538447982141,Evolution,13096,23.0,374,21.7,3.657,51069,668537.0625,true,283553.15625
thermo-20y-qc,42,375,GAUSSIAN,Evolution,true,0.02330840213219885,0.015258731015054067,3.5658148701449517,3.0,3.0,429202.5091684884,0.915067331305756,1.5,0.005,15.0,3867.193140794224,Evolution,9573,23.8,375,20.5,2.531,37672,1033983.8125,true,494835.390625
thermo-20y-qc,42,376,GAUSSIAN,Evolution,true,0.02330840213219885,0.015258731015054067,3.5658148701449517,3.0,3.0,429202.5091684884,0.915067331305756,1.5,0.005,15.0,3867.193140794224,Evolution,9573,23.8,376,20.5,2.531,37672,1033983.8125,true,494835.390625
thermo-20y-qc,42,377,GAUSSIAN,Evolution,true,0.03436450140422964,0.02664266490534617,3.0083082188340686,2.0,5.0,306045.0475475908,0.8911966076063568,1.5,0.003,7.0,5127.659079626688,Evolution,10370,23.7,377,17.7,3.208,40288,858840.8125,false,369815.0625
thermo-20y-qc,42,378,GAUSSIAN,Evolution,true,0.02330840213219885,0.015258731015054067,3.0,3.0,3.0,95876.49242524855,0.915067331305756,1.5,0.005,15.0,4635.2114602488555,Evolution,22396,33.0,378,25.9,4.601,74501,355062.515625,true,120778.015625
thermo-20y-qc,42,379,GAUSSIAN,Evolution,true,0.03436450140422964,0.02664266490534617,3.0041541094170343,2.0,5.0,231598.4721392313,0.8911966076063568,1.5,0.003,7.0,5273.4065689408135,Evolution,12019,25.0,379,18.8,3.158,45365,706141.4375,true,286280.734375
thermo-20y-qc,42,380,GAUSSIAN,Evolution,true,0.05380746841422847,0.02664266490534617,3.0041541094170343,2.0,5.0,231598.4721392313,0.8911966076063568,1.5,0.003,7.0,4760.727809120827,Evolution,11146,23.9,380,18.7,3.634,42540,715422.34375,false,286563.15625
thermo-20y-qc,42,381,GAUSSIAN,Evolution,true,0.03436450140422964,0.02664266490534617,3.0,2.0,6.0,91769.81089538184,0.8911966076063568,1.5,0.003,7.0,4388.399341476799,Evolution,14408,31.7,381,18.9,3.996,49201,403644.8125,false,117285.1796875
thermo-20y-qc,42,382,GAUSSIAN,Evolution,true,0.03436450140422964,0.03824694144166111,3.0083082188340686,3.0,4.0,231598.4721392313,0.915067331305756,1.5,0.005,15.0,5690.01428067701,Evolution,12879,21.9,382,21.6,3.675,51048,672133.5625,false,284174.96875
thermo-20y-qc,42,383,GAUSSIAN,Evolution,true,0.03436450140422964,0.02664266490534617,3.0083082188340686,2.0,5.0,231598.4721392313,0.9528994296219262,1.5,0.003,7.0,5028.741760267408,Evolution,10284,21.2,383,19.2,3.206,40687,777712.125,false,293771.65625
thermo-20y-qc,42,384,GAUSSIAN,Evolution,true,0.03436450140422964,0.02664266490534617,3.00312491827089,2.0,5.0,111564.43007020606,0.8911966076063568,1.5,0.003,7.0,4996.505285196344,Evolution,17003,30.0,384,20.6,4.428,58749,430351.09375,false,142066.3046875
thermo-20y-qc,42,385,GAUSSIAN,Evolution,true,0.04081115932500443,0.02664266490534617,3.0083082188340686,3.0,4.0,340354.26878395077,0.915067331305756,1.5,0.005,15.0,5213.56435264869,Evolution,10490,22.1,385,19.5,3.194,41832,872199.53125,false,403162.96875
thermo-20y-qc,42,386,GAUSSIAN,Evolution,true,0.0357229814521715,0.02664266490534617,3.0,2.0,5.0,91769.81089538184,0.8911966076063568,1.5,0.003,7.0,4848.11971683694,Evolution,18508,31.8,386,20.9,4.376,62155,374532.515625,false,115389.00390625
thermo-20y-qc,42,387,GAUSSIAN,Evolution,true,0.03436450140422964,0.02664266490534617,3.0,2.0,5.0,91769.81089538184,0.8911966076063568,1.5,0.003,7.0,4946.723169075953,Evolution,18628,31.7,387,21.0,4.534,62605,374781.875,true,115519.12890625
thermo-20y-qc,42,388,GAUSSIAN,Evolution,true,0.03436450140422964,0.02664266490534617,3.0083082188340686,3.0,4.0,231598.4721392313,0.915067331305756,1.5,0.005,15.0,5534.538447982141,Evolution,13096,23.0,388,21.7,3.657,51069,668537.0625,true,283553.15625
thermo-20y-qc,42,389,GAUSSIAN,Evolution,true,0.03436450140422964,0.02664266490534617,3.47492648788733,2.0,5.0,231598.4721392313,0.8911966076063568,1.5,0.003,7.0,4632.0731347413075,Evolution,11523,25.6,389,20.2,2.988,43372,732628.1875,false,287355.96875
thermo-20y-qc,42,390,GAUSSIAN,Evolution,true,0.03436450140422964,0.02664266490534617,3.0083082188340686,2.0,5.0,231598.4721392313,0.8911966076063568,1.5,0.003,7.0,5269.028956422018,Evolution,12012,25.0,390,18.8,4.101,45344,706412.625,true,286293.78125
thermo-20y-qc,42,391,GAUSSIAN,Evolution,true,0.02330840213219885,0.015258731015054067,3.5658148701449517,3.0,3.0,429202.5091684884,0.915067331305756,1.5,0.005,15.0,3867.193140794224,Evolution,9573,23.8,391,20.5,2.531,37672,1033983.8125,true,494835.390625
thermo-20y-qc,42,392,GAUSSIAN,Evolution,true,0.03436450140422964,0.02664266490534617,3.0083082188340686,2.0,6.0,231598.4721392313,0.9260798118985109,1.5,0.003,7.0,4424.370345878497,Evolution,8833,22.2,392,16.6,2.874,34781,800979.75,false,295750.53125
thermo-20y-qc,42,393,GAUSSIAN,Evolution,true,0.03436450140422964,0.02664266490534617,3.0083082188340686,2.0,5.0,231598.4721392313,0.915067331305756,1.5,0.003,7.0,5269.351675509001,Evolution,11416,23.5,393,19.2,3.863,44106,728245.46875,true,288618.21875
thermo-20y-qc,42,394,GAUSSIAN,Evolution,true,0.03436450140422964,0.02664266490534617,3.0041541094170343,2.0,5.0,231598.4721392313,0.8911966076063568,1.5,0.003,7.0,5273.4065689408135,Evolution,12019,25.0,394,18.8,3.158,45365,706141.4375,true,286280.734375
thermo-20y-qc,42,395,GAUSSIAN,Evolution,true,0.02330840213219885,0.015258731015054067,3.0,3.0,3.0,95876.49242524855,0.915067331305756,1.5,0.005,15.0,4635.2114602488555,Evolution,22396,33.0,395,25.9,4.601,74501,355062.515625,true,120778.015625
thermo-20y-qc,42,396,GAUSSIAN,Evolution,true,0.03436450140422964,0.02664266490534617,3.0041541094170343,2.0,5.0,225791.8070857883,0.8911966076063568,1.5,0.003,7.0,5286.130331391671,Evolution,12195,25.2,396,18.9,3.524,45837,693685.3125,false,278723.6875
thermo-20y-qc,42,397,GAUSSIAN,Evolution,true,0.03436450140422964,0.02664266490534617,3.0074862126124997,2.0,5.0,231598.4721392313,0.9251373577304169,1.5,0.003,7.0,5265.545038308446,Evolution,11149,22.6,397,19.4,3.272,43463,739343.625,false,290110.75
thermo-20y-qc,42,398,GAUSSIAN,Evolution,true,0.03436450140422964,0.02664266490534617,3.0083082188340686,2.0,5.0,389803.4822825189,0.9528994296219262,1.5,0.003,7.0,4820.399013428337,Evolution,7941,19.0,398,16.8,2.662,32841,1104719.125,false,468689.40625
thermo-20y-qc,42,399,GAUSSIAN,Evolution,true,0.03436450140422964,0.03824694144166111,3.0083082188340686,2.0,4.0,231598.4721392313,0.915067331305756,1.508585968013802,0.003,7.0,5414.092652462901,Evolution,12695,21.9,399,21.3,3.41,49799,674175.8125,false,284432.90625
thermo-20y-qc,42,400,GAUSSIAN,Evolution,true,0.03436450140422964,0.02664266490534617,3.0083082188340686,3.0,4.0,231598.4721392313,0.915067331305756,1.5,0.005,15.0,5534.538447982141,Evolution,13096,23.0,400,21.7,3.657,51069,668537.0625,true,283553.15625
thermo-20y-qc,42,401,GAUSSIAN,Evolution,true,0.03436450140422964,0.02664266490534617,3.0041541094170343,2.0,5.0,231598.4721392313,0.8911966076063568,1.5,0.003,7.0,5273.4065689408135,Evolution,12019,25.0,401,18.8,3.158,45365,706141.4375,true,286280.734375
zenotof-feces-pos,42,1,GAUSSIAN,Estimate,true,0.04732702486217022,0.02121567726135254,7.0,2.0,6.0,198.0,0.85,1.7,0.003,7.0,15420.158015124638,Estimate,4598,19.9,1,0.6,6.081,21422,416.0952453613281,false,220.7142791748047
zenotof-feces-pos,42,2,GAUSSIAN,Estimate,true,0.04732702486217022,0.02121567726135254,7.0,2.0,6.0,198.0,0.85,1.7,0.003,7.0,15420.158015124638,Estimate,4598,19.9,2,0.6,6.081,21422,416.0952453613281,true,220.7142791748047
zenotof-feces-pos,42,3,GAUSSIAN,Perturbed,true,0.03069696458476104,0.025676635866703816,7.0,2.0,7.0,257.7880343848783,0.97,1.8817151342309542,0.003,7.0,12499.24743949377,Perturbed,3147,16.2,3,0.6,4.294,15329,561.3333129882812,false,288.6904754638672
zenotof-feces-pos,42,4,GAUSSIAN,Perturbed,true,0.03904825868220465,0.01080125198110007,10.745385774464614,2.0,7.0,501.82458240003433,0.703381326589576,1.5,0.003,7.0,4444.466490299824,Perturbed,2195,23.2,4,0.4,2.077,10206,974.952392578125,false,543.8095092773438
zenotof-feces-pos,42,5,GAUSSIAN,Perturbed,true,0.046347818757119616,0.03218065567505989,7.0,2.0,6.0,194.44496155076024,0.7355563951200381,1.5162449766965662,0.003,7.0,15743.240328451706,Perturbed,5383,23.8,5,0.9,16.965,23626,392.28570556640625,false,217.6904754638672
zenotof-feces-pos,42,6,GAUSSIAN,Perturbed,true,0.05227415507475532,0.023749620742582255,8.638261672003452,2.0,7.0,606.4074251578991,0.7827044172222793,1.5,0.003,7.0,4721.588055130169,Perturbed,1651,16.2,6,0.3,2.028,8489,1243.857177734375,false,670.09521484375
zenotof-feces-pos,42,7,GAUSSIAN,Perturbed,true,0.05757099618150629,0.031148034637729676,7.0,4.0,10.0,152.07901562168982,0.7117064142680194,1.5,0.008,15.0,27724.1422058639,Perturbed,5279,22.4,7,0.8,6.188,23909,315.10723876953125,false,168.04662322998047
zenotof-feces-pos,42,8,GAUSSIAN,Perturbed,true,0.046928725180584364,0.02703430891016811,7.0,2.0,3.0,459.6086814712085,0.6708704903821182,1.646488722812628,0.003,7.0,10063.625521615757,Perturbed,2518,21.5,8,0.5,13.408,11982,860.6857299804688,false,506.52857971191406
zenotof-feces-pos,42,9,GAUSSIAN,Perturbed,true,0.026647277873957678,0.007740098102206815,7.0,3.0,5.0,471.6341648649366,0.9486182050156893,1.6886468750281196,0.005,15.0,4751.661135139906,Perturbed,2834,25.4,9,0.3,3.625,11329,946.3428649902344,false,521.3999938964844
zenotof-feces-pos,42,10,GAUSSIAN,Perturbed,true,0.06688296374125269,0.06345924703432712,7.0,2.0,7.0,137.99007617125878,0.8136986264039631,1.632565491062404,0.003,7.0,14517.797676081516,Perturbed,6332,19.8,10,0.7,13.64,27970,289.1190490722656,false,154.5952377319336
zenotof-feces-pos,42,11,GAUSSIAN,Perturbed,true,0.06514716770308826,0.025970489824181913,7.419794043892566,2.0,5.0,248.25029922311228,0.8265154310747097,1.5807030204417132,0.003,7.0,13107.169213328076,Perturbed,4374,20.0,11,0.6,4.323,20288,493.72857666015625,false,277.9857177734375
zenotof-feces-pos,42,12,GAUSSIAN,Perturbed,true,0.032154063077288915,0.024867981643069883,7.0,2.0,6.0,208.7933716097432,0.8131184858290411,2.048354809551391,0.003,7.0,12801.727106609585,Perturbed,4133,18.8,12,0.6,5.44,19154,448.047607421875,false,237.16666412353516
zenotof-feces-pos,42,13,GAUSSIAN,Perturbed,true,0.026574798859655857,0.017485695872372965,7.0,2.0,7.0,98.33660454029004,0.8100810724391962,2.2049579033356785,0.003,7.0,6732.769369996519,Perturbed,8161,32.1,13,0.9,9.106,28730,220.23809814453125,false,112.14286041259766
zenotof-feces-pos,42,14,GAUSSIAN,Perturbed,true,0.036549235555779845,0.007016392167005581,7.0,3.0,3.0,168.14050656517395,0.915067331305756,1.5,0.005,15.0,9372.255404001475,Perturbed,8337,32.7,14,1.0,7.026,29839,310.0857238769531,false,183.52857208251953
zenotof-feces-pos,42,15,GAUSSIAN,Perturbed,true,0.07360538999499172,0.03234168139964267,9.70144692640639,2.0,8.0,219.46647298657035,0.8544672467102411,1.681077241704884,0.003,7.0,7544.913331362696,Perturbed,3484,16.2,15,0.7,3.478,16915,476.13853454589844,false,248.37662506103516
zenotof-feces-pos,42,16,GAUSSIAN,Perturbed,true,0.11975697303946847,0.0209051654991402,11.522894822886421,3.0,7.0,108.17945907520104,0.97,2.0305041571884885,0.005,15.0,12116.66219446372,Perturbed,5674,20.1,16,1.2,4.182,25938,271.02381896972656,false,126.38095092773438
zenotof-feces-pos,42,17,GAUSSIAN,Perturbed,true,0.03671058452781419,0.023420868225349736,7.0,3.0,11.0,142.9949245582531,0.8694428666808117,1.940377766217719,0.005,15.0,24300.756608037733,Perturbed,4335,19.0,17,0.7,5.545,20354,306.3473205566406,false,159.07342529296875
zenotof-feces-pos,42,18,GAUSSIAN,Perturbed,true,0.07008489433483635,0.010944487924819769,11.798917687270585,2.0,5.0,215.11605303675265,0.8338017858137337,1.5760898536047172,0.003,7.0,5710.523252747253,Perturbed,5383,25.3,18,0.9,3.125,22750,422.0857238769531,false,239.14285278320312
zenotof-feces-pos,42,19,GAUSSIAN,Perturbed,true,0.03383327010721513,0.02682193774349079,7.0,2.0,5.0,435.6059215682998,0.7086635828709362,1.9109676780492442,0.003,7.0,10124.769095329924,Perturbed,2441,18.8,19,0.4,3.717,11927,855.7714233398438,false,484.5428466796875
zenotof-feces-pos,42,20,GAUSSIAN,Perturbed,true,0.04353825419403717,0.021166220990879846,10.915700431793113,4.0,4.0,152.3575862551109,0.8422867609300768,1.780991958355724,0.008,15.0,12053.030101592876,Perturbed,7479,26.0,20,1.3,4.123,31892,291.0857238769531,false,166.52857208251953
zenotof-feces-pos,42,21,GAUSSIAN,Perturbed,true,0.03074912477899711,0.01681338325301456,7.0,2.0,7.0,230.86499295557607,0.8726062127848705,1.5,0.003,7.0,12802.316273448583,Perturbed,4146,21.9,21,0.7,4.577,19031,463.92857360839844,false,258.1190490722656
zenotof-feces-pos,42,22,GAUSSIAN,Evolution,true,0.04732702486217022,0.02121567726135254,7.0,2.0,5.0,320.01827400757804,0.8494385429645834,1.5091424328845229,0.003,7.0,14063.880492196879,Evolution,3525,20.7,22,0.7,4.229,16660,620.5999755859375,false,355.77142333984375
zenotof-feces-pos,42,23,GAUSSIAN,Evolution,true,0.046928725180584364,0.02703430891016811,7.0,2.0,3.0,459.6086814712085,0.6708704903821182,1.646488722812628,0.003,7.0,10063.625521615757,Evolution,2518,21.5,23,0.5,13.408,11982,860.6857299804688,true,506.52857971191406
zenotof-feces-pos,42,24,GAUSSIAN,Evolution,true,0.06514716770308826,0.025970489824181913,7.419794043892566,2.0,6.0,248.25029922311228,0.8265154310747097,1.5807030204417132,0.003,7.0,12676.166468554138,Evolution,3847,17.9,24,0.7,3.635,18508,504.76190185546875,false,274.8333282470703
zenotof-feces-pos,42,25,GAUSSIAN,Evolution,true,0.05227415507475532,0.023749620742582255,8.638261672003452,2.0,5.0,606.4074251578991,0.7829851457399877,1.5954287835577385,0.003,7.0,5490.934953148834,Evolution,1811,17.3,25,0.2,2.121,9178,1229.0,false,666.6286010742188
zenotof-feces-pos,42,26,GAUSSIAN,Evolution,true,0.06688296374125269,0.06345924703432712,7.0,2.0,7.0,137.99007617125878,0.8136986264039631,1.5,0.003,7.0,14961.02080916968,Evolution,6665,19.8,26,0.8,6.187,29314,287.5238037109375,false,153.90475463867188
zenotof-feces-pos,42,27,GAUSSIAN,Evolution,true,0.03758231221510588,0.007740098102206815,7.0,3.0,5.0,471.6341648649366,0.9486182050156893,1.6886468750281196,0.005,15.0,8323.1020480226,Evolution,2514,22.1,27,0.4,3.342,11328,933.028564453125,false,521.2571411132812
zenotof-feces-pos,42,28,GAUSSIAN,Evolution,true,0.046347818757119616,0.03218065567505989,23.161880646909147,2.0,6.0,194.44496155076024,0.7355563951200381,1.5143334680425387,0.003,7.0,3317.6871474703985,Evolution,5315,23.9,28,2.2,1.796,23225,395.5238037109375,false,218.42857360839844
zenotof-feces-pos,42,29,GAUSSIAN,Evolution,true,0.032154063077288915,0.024867981643069883,7.0,2.0,6.0,147.78423460595417,0.8131184858290411,2.048354809551391,0.003,7.0,11835.10204418068,Evolution,5665,21.9,29,0.7,7.819,24264,313.952392578125,false,167.4047622680664
zenotof-feces-pos,42,30,GAUSSIAN,Evolution,true,0.04732702486217022,0.02121567726135254,7.0,2.0,5.0,142.99600927015544,0.8494385429645834,1.5091424328845229,0.003,7.0,13124.767356664184,Evolution,8266,25.8,30,1.0,7.798,33575,279.95713806152344,false,157.61428833007812
zenotof-feces-pos,42,31,GAUSSIAN,Evolution,true,0.11975697303946847,0.0209051654991402,11.522894822886421,3.0,7.0,108.17945907520104,0.97,2.0305041571884885,0.005,15.0,12116.66219446372,Evolution,5674,20.1,31,1.2,4.182,25938,271.02381896972656,true,126.38095092773438
zenotof-feces-pos,42,32,GAUSSIAN,Evolution,true,0.04732702486217022,0.015733188054498862,7.0,2.0,5.0,320.01827400757804,0.8494385429645834,1.5091424328845229,0.003,7.0,13084.560657902635,Evolution,3656,23.0,32,0.7,4.483,16659,616.1571350097656,false,354.8999938964844
zenotof-feces-pos,42,33,GAUSSIAN,Evolution,true,0.06688296374125269,0.06345924703432712,7.0,2.0,6.0,102.9523316325224,0.82091481753589,1.5,0.003,7.0,13196.969072164948,Evolution,9240,22.9,33,1.1,7.601,38218,205.2857208251953,false,114.33333587646484
zenotof-feces-pos,42,34,GAUSSIAN,Evolution,true,0.026574798859655857,0.017485695872372965,7.0,2.0,7.0,301.69653302679103,0.8100810724391962,2.2049579033356785,0.003,7.0,9058.579881656804,Evolution,3093,20.2,34,0.5,3.805,14196,621.1904907226562,false,336.1190490722656
zenotof-feces-pos,42,35,GAUSSIAN,Evolution,true,0.03383327010721513,0.02682193774349079,7.0,2.0,5.0,435.6059215682998,0.7086635828709362,1.9109676780492442,0.003,7.0,10124.769095329924,Evolution,2441,18.8,35,0.4,3.717,11927,855.7714233398438,true,484.5428466796875
zenotof-feces-pos,42,36,GAUSSIAN,Evolution,true,0.026574798859655857,0.02296818507922664,7.0,2.0,7.0,301.69653302679103,0.8100810724391962,2.2049579033356785,0.003,7.0,10153.848689771767,Evolution,2964,17.4,36,0.5,3.913,14196,634.452392578125,false,338.23809814453125
zenotof-feces-pos,42,37,GAUSSIAN,Evolution,true,0.03152132946009213,0.005621014748849823,42.66895077040184,2.0,11.0,142.9949245582531,0.8694428666808117,1.786281219198778,0.003,7.0,455.6724298443942,Evolution,2181,32.0,37,2.7,0.955,7519,594.6200561523438,false,207.08392333984375
zenotof-feces-pos,42,38,GAUSSIAN,Evolution,true,0.06688296374125269,0.06345924703432712,7.0,2.0,7.0,137.99007617125878,0.8136986264039631,1.5,0.003,7.0,14961.02080916968,Evolution,6665,19.8,38,0.8,6.187,29314,287.5238037109375,true,153.90475463867188
zenotof-feces-pos,42,39,GAUSSIAN,Evolution,true,0.05757099618150629,0.031148034637729676,7.0,3.0,11.0,152.07901562168982,0.7117064142680194,1.5,0.005,15.0,24901.363302002454,Evolution,4991,24.0,39,0.8,5.274,22023,316.0652770996094,false,167.99533081054688
zenotof-feces-pos,42,40,GAUSSIAN,Evolution,true,0.0486602398537052,0.021166220990879846,8.733946048820673,4.0,4.0,152.3575862551109,0.7731399680640865,1.7626448865402935,0.008,15.0,16485.69383300541,Evolution,7681,26.1,40,1.2,4.809,32528,291.0857238769531,false,166.8000030517578
zenotof-feces-pos,42,41,GAUSSIAN,Evolution,true,0.04732702486217022,0.02121567726135254,12.821320762300903,2.0,5.0,212.34810255752447,0.8494385429645834,1.5091424328845229,0.003,7.0,6007.581160392387,Evolution,5401,22.9,41,1.0,2.878,23854,414.971435546875,false,235.6857147216797
zenotof-feces-pos,42,42,GAUSSIAN,Evolution,true,0.03671058452781419,0.03855077556416686,7.0,3.0,7.0,142.9949245582531,0.9001596435788453,1.940377766217719,0.005,15.0,30495.291971565963,Evolution,5968,18.2,42,0.8,6.42,28698,293.0,false,158.5952377319336
zenotof-feces-pos,42,43,GAUSSIAN,Evolution,true,0.03383327010721513,0.02682193774349079,7.0,2.0,5.0,435.6059215682998,0.7086635828709362,1.9109676780492442,0.003,7.0,10124.769095329924,Evolution,2441,18.8,43,0.4,3.717,11927,855.7714233398438,true,484.5428466796875
zenotof-feces-pos,42,44,GAUSSIAN,Evolution,true,0.032154063077288915,0.024867981643069883,21.737474021331117,2.0,4.0,208.7933716097432,0.8131184858290411,2.048354809551391,0.003,7.0,3051.098242926222,Evolution,4758,22.5,44,1.2,1.973,20887,434.6428527832031,false,234.75714111328125
zenotof-feces-pos,42,45,GAUSSIAN,Evolution,true,0.05757099618150629,0.022455757351086167,7.0,4.0,10.0,152.07901562168982,0.7117064142680194,1.5,0.008,15.0,27414.881592705675,Evolution,5321,23.0,45,0.8,5.462,23909,313.03497314453125,false,167.8531494140625
zenotof-feces-pos,42,46,GAUSSIAN,Evolution,true,0.05757099618150629,0.022455757351086167,7.0,4.0,10.0,115.12683569194014,0.7117064142680194,1.5,0.008,15.0,27242.19309957368,Evolution,7171,25.5,46,0.9,6.638,30259,229.9184112548828,false,127.35664367675781
zenotof-feces-pos,42,47,GAUSSIAN,Evolution,true,0.06688296374125269,0.06345924703432712,7.0,2.0,8.0,142.53212170297712,0.8136986264039631,1.632565491062404,0.003,7.0,12313.731875525651,Evolution,5383,19.6,47,0.7,5.439,23780,306.7186279296875,false,160.21212768554688
zenotof-feces-pos,42,48,GAUSSIAN,Evolution,true,0.03383327010721513,0.02682193774349079,7.0,2.0,5.0,435.6059215682998,0.7086635828709362,1.9109676780492442,0.003,7.0,10124.769095329924,Evolution,2441,18.8,48,0.4,3.717,11927,855.7714233398438,true,484.5428466796875
zenotof-feces-pos,42,49,GAUSSIAN,Evolution,true,0.026574798859655857,0.017485695872372965,7.0,3.0,7.0,306.2385785585094,0.7158544577837833,1.8530334081008675,0.005,15.0,16502.344414552907,Evolution,3307,21.7,49,0.6,4.384,15612,607.047607421875,false,339.7857208251953
zenotof-feces-pos,42,50,GAUSSIAN,Evolution,true,0.11975697303946847,0.0209051654991402,11.522894822886421,3.0,8.0,108.17945907520104,0.97,2.0305041571884885,0.005,15.0,11994.056502124306,Evolution,4916,19.6,50,1.0,3.706,22831,280.66233825683594,false,127.50865936279297
zenotof-feces-pos,42,51,GAUSSIAN,Evolution,true,0.04353825419403717,0.021166220990879846,9.618853911692499,5.0,4.0,152.3575862551109,0.7480601462746639,1.780991958355724,0.01,20.0,13871.706544342507,Evolution,7866,27.4,51,1.2,4.887,32700,287.7857208251953,false,165.85714721679688
zenotof-feces-pos,42,52,GAUSSIAN,Evolution,true,0.05757099618150629,0.022455757351086167,7.0,4.0,10.0,152.07901562168982,0.7117064142680194,1.5,0.008,15.0,27414.881592705675,Evolution,5321,23.0,52,0.8,5.462,23909,313.03497314453125,true,167.8531494140625
zenotof-feces-pos,42,53,GAUSSIAN,Evolution,true,0.04732702486217022,0.02121567726135254,7.0,2.0,5.0,142.99600927015544,0.8853418274238918,1.5091424328845229,0.003,7.0,13671.553139337566,Evolution,7474,24.2,53,1.0,6.631,31822,278.9571533203125,false,157.60000610351562
zenotof-feces-pos,42,54,GAUSSIAN,Evolution,true,0.04426347593406118,0.038922423531854426,7.0,2.0,6.0,440.14796710001815,0.7086635828709362,1.9109676780492442,0.003,7.0,9793.122864711793,Evolution,2142,16.2,54,0.5,3.294,10947,919.2142944335938,false,489.0
zenotof-feces-pos,42,55,GAUSSIAN,Evolution,true,0.06688296374125269,0.06345924703432712,7.0,2.0,7.0,125.77732729616902,0.8136986264039631,1.5,0.003,7.0,14223.034614527274,Evolution,7252,20.1,55,0.9,6.27,31403,263.76190185546875,false,141.11904907226562
zenotof-feces-pos,42,56,GAUSSIAN,Evolution,true,0.06514716770308826,0.025970489824181913,7.419794043892566,2.0,5.0,248.25029922311228,0.8265154310747097,1.5,0.003,7.0,13147.443178008716,Evolution,4545,20.3,56,0.7,4.484,20881,489.0,false,278.1857147216797
zenotof-feces-pos,42,57,GAUSSIAN,Evolution,true,0.06688296374125269,0.07150675614086746,7.0,2.0,7.0,137.99007617125878,0.8136986264039631,1.5,0.003,7.0,15017.3083955924,Evolution,6619,19.2,57,0.8,5.968,29313,287.76190185546875,false,153.83333587646484
zenotof-feces-pos,42,58,GAUSSIAN,Evolution,true,0.03671058452781419,0.0531206714458409,7.0,3.0,7.0,142.9949245582531,0.97,1.940377766217719,0.005,15.0,27780.389548693587,Evolution,4845,16.4,58,0.7,5.75,23576,338.28570556640625,false,163.97618865966797
zenotof-feces-pos,42,59,GAUSSIAN,Evolution,true,0.026574798859655857,0.03855077556416686,7.0,3.0,8.0,142.9949245582531,0.9001596435788453,1.940377766217719,0.005,15.0,31235.284383899023,Evolution,5321,17.2,59,0.8,5.763,25986,300.48052978515625,false,159.85281372070312
zenotof-feces-pos,42,60,GAUSSIAN,Evolution,true,0.06403627602656492,0.02121567726135254,7.0,2.0,5.0,142.99600927015544,0.8494385429645834,1.5091424328845229,0.003,7.0,14133.060201180175,Evolution,7841,24.2,60,0.9,6.431,32707,282.77142333984375,false,157.91429138183594
zenotof-feces-pos,42,61,GAUSSIAN,Evolution,true,0.026574798859655857,0.017485695872372965,7.0,2.0,7.0,301.69653302679103,0.8100810724391962,2.2049579033356785,0.003,7.0,9058.579881656804,Evolution,3093,20.2,61,0.5,3.805,14196,621.1904907226562,true,336.1190490722656
zenotof-feces-pos,42,62,GAUSSIAN,Evolution,true,0.03433849868956363,0.0480082986403023,7.0,3.0,7.0,142.9949245582531,0.97,1.940377766217719,0.005,15.0,27645.94927044452,Evolution,4857,16.6,62,0.7,5.494,23576,338.19049072265625,false,163.6904754638672
zenotof-feces-pos,42,63,GAUSSIAN,Evolution,true,0.03383327010721513,0.018204342580319534,7.0,2.0,5.0,435.6059215682998,0.7086635828709362,1.9109676780492442,0.003,7.0,9801.236186803051,Evolution,2493,19.9,63,0.4,3.45,11927,849.028564453125,false,483.74285888671875
zenotof-feces-pos,42,64,GAUSSIAN,Evolution,true,0.026574798859655857,0.029569550472220568,7.0,3.0,8.0,142.9949245582531,0.9001596435788453,1.940377766217719,0.005,15.0,30375.164511660125,Evolution,5390,18.1,64,0.8,6.051,25986,298.3116912841797,false,159.60606384277344
zenotof-feces-pos,42,65,GAUSSIAN,Evolution,true,0.12482486587354764,0.032255325761425556,11.522894822886421,3.0,7.0,108.17945907520104,0.97,2.0305041571884885,0.005,15.0,12446.099946016811,Evolution,5550,18.5,65,1.2,3.793,25934,274.8571472167969,false,126.85714340209961
zenotof-feces-pos,42,66,GAUSSIAN,Evolution,true,0.032154063077288915,0.024867981643069883,7.0,2.0,6.0,208.7933716097432,0.8131184858290411,2.048354809551391,0.003,7.0,12801.727106609585,Evolution,4133,18.8,66,0.6,5.44,19154,448.047607421875,true,237.16666412353516
zenotof-feces-pos,42,67,GAUSSIAN,Evolution,true,0.026574798859655857,0.017485695872372965,7.0,2.0,6.0,301.69653302679103,0.8100810724391962,2.2049579033356785,0.003,7.0,9252.133762417798,Evolution,3112,20.1,67,0.5,3.86,14294,619.8333435058594,false,336.73809814453125
zenotof-feces-pos,42,68,GAUSSIAN,Evolution,true,0.06688296374125269,0.06345924703432712,7.0,2.0,9.0,137.99007617125878,0.8136986264039631,1.632565491062404,0.003,7.0,10680.447173786364,Evolution,5229,20.6,68,0.8,5.15,22309,305.2121276855469,false,156.20562744140625
zenotof-feces-pos,42,69,GAUSSIAN,Evolution,true,0.03671058452781419,0.023420868225349736,7.0,3.0,11.0,142.9949245582531,0.8694428666808117,1.940377766217719,0.005,15.0,24300.756608037733,Evolution,4335,19.0,69,0.7,5.545,20354,306.3473205566406,true,159.07342529296875
zenotof-feces-pos,42,70,GAUSSIAN,Evolution,true,0.07021506053716743,0.025970489824181913,7.419794043892566,2.0,5.0,248.25029922311228,0.8268017543570524,1.5807030204417132,0.003,7.0,13165.823253749013,Evolution,4353,19.7,70,0.6,4.237,20272,494.8857116699219,false,277.90000915527344
zenotof-feces-pos,42,71,GAUSSIAN,Evolution,true,0.03383327010721513,0.02682193774349079,7.0,2.0,5.0,435.6059215682998,0.7086635828709362,1.9109676780492442,0.003,7.0,10124.769095329924,Evolution,2441,18.8,71,0.4,3.717,11927,855.7714233398438,true,484.5428466796875
zenotof-feces-pos,42,72,GAUSSIAN,Evolution,true,0.05266467215361566,0.06345924703432712,7.0,2.0,7.0,137.99007617125878,0.8136986264039631,1.5,0.003,7.0,14550.703093896554,Evolution,6784,20.3,72,0.8,6.227,29639,285.5714416503906,false,153.8095245361328
zenotof-feces-pos,42,73,GAUSSIAN,Evolution,true,0.06688296374125269,0.06345924703432712,7.0,2.0,7.0,137.99007617125878,0.8136986264039631,1.5,0.003,7.0,14961.02080916968,Evolution,6665,19.8,73,0.8,6.187,29314,287.5238037109375,true,153.90475463867188
zenotof-feces-pos,42,74,GAUSSIAN,Evolution,true,0.03671058452781419,0.04304138811014001,7.0,3.0,7.0,142.9949245582531,0.9001596435788453,1.940377766217719,0.005,15.0,30952.62443375845,Evolution,5928,17.8,74,0.8,6.304,28698,293.8095245361328,false,158.45238494873047
zenotof-feces-pos,42,75,GAUSSIAN,Evolution,true,0.052503103347427124,0.031148034637729676,7.0,4.0,10.0,152.07901562168982,0.6554664248309803,1.5,0.008,15.0,27709.9590112771,Evolution,5370,23.7,75,0.8,5.878,24031,311.60838317871094,false,167.61888122558594
zenotof-feces-pos,42,76,GAUSSIAN,Evolution,true,0.03671058452781419,0.03855077556416686,7.0,3.0,7.0,142.9949245582531,0.9001596435788453,1.8598452430070096,0.005,15.0,30587.924927516222,Evolution,6028,18.2,76,0.8,6.401,28972,290.1190490722656,false,158.09524536132812
zenotof-feces-pos,42,77,GAUSSIAN,Evolution,true,0.026574798859655857,0.03597357871166413,7.0,3.0,8.0,142.9949245582531,0.9001596435788453,1.940377766217719,0.005,15.0,30791.748210574926,Evolution,5338,17.4,77,0.8,6.038,25986,299.9761962890625,false,159.80735778808594
zenotof-feces-pos,42,78,GAUSSIAN,Evolution,true,0.05266467215361566,0.06345924703432712,7.0,2.0,7.0,137.99007617125878,0.8136986264039631,1.5,0.003,7.0,14550.703093896554,Evolution,6784,20.3,78,0.8,6.227,29639,285.5714416503906,true,153.8095245361328
zenotof-feces-pos,42,79,GAUSSIAN,Evolution,true,0.03383327010721513,0.016445648074632578,7.0,2.0,5.0,435.6059215682998,0.7086635828709362,1.9109676780492442,0.003,7.0,9331.977865347531,Evolution,2531,20.9,79,0.4,3.47,11927,849.2000122070312,false,484.05712890625
zenotof-feces-pos,42,80,GAUSSIAN,Evolution,true,0.04732702486217022,0.02121567726135254,7.0,2.0,5.0,145.4984334636526,0.8494385429645834,1.7293313159933823,0.003,7.0,12890.227868414015,Evolution,7250,25.1,80,0.8,6.394,29912,291.9857177734375,false,160.55714416503906
zenotof-feces-pos,42,81,GAUSSIAN,Evolution,true,0.026574798859655857,0.019731002145359538,7.0,2.0,7.0,301.69653302679103,0.8100810724391962,2.2049579033356785,0.003,7.0,9387.42857142857,Evolution,3052,19.4,81,0.6,4.147,14196,626.5714416503906,false,337.26190185546875
zenotof-feces-pos,42,82,GAUSSIAN,Evolution,true,0.05266467215361566,0.06345924703432712,7.0,2.0,7.0,200.1174893361448,0.8136986264039631,1.5,0.003,7.0,15771.064427412082,Evolution,4731,18.3,82,0.7,19.444,22180,415.952392578125,false,224.1904754638672
zenotof-feces-pos,42,83,GAUSSIAN,Evolution,true,0.026574798859655857,0.03855077556416686,52.02328486486308,3.0,8.0,142.9949245582531,0.9001596435788453,1.940377766217719,0.005,15.0,1844.1318967387374,Evolution,3043,20.5,83,4.6,1.264,13829,492.5541076660156,false,194.41342163085938
zenotof-feces-pos,42,84,GAUSSIAN,Evolution,true,0.05266467215361566,0.06345924703432712,7.0,2.0,7.0,137.99007617125878,0.8136986264039631,1.5,0.003,7.0,14550.703093896554,Evolution,6784,20.3,84,0.8,6.227,29639,285.5714416503906,true,153.8095245361328
zenotof-feces-pos,42,85,GAUSSIAN,Evolution,true,0.06007927486900909,0.025970489824181913,7.419794043892566,2.0,6.0,242.7344689507509,0.8265154310747097,1.5807030204417132,0.003,7.0,12460.892719497386,Evolution,3977,18.6,85,0.7,4.447,18941,488.047607421875,false,269.0238037109375
zenotof-feces-pos,42,86,GAUSSIAN,Evolution,true,0.04732702486217022,0.02121567726135254,7.0,2.0,5.0,145.4984334636526,0.8494385429645834,1.7293313159933823,0.003,7.0,12890.227868414015,Evolution,7250,25.1,86,0.8,6.394,29912,291.9857177734375,true,160.55714416503906
zenotof-feces-pos,42,87,GAUSSIAN,Evolution,true,0.03383327010721513,0.02682193774349079,7.0,2.0,5.0,435.6059215682998,0.7086635828709362,1.9109676780492442,0.003,7.0,10124.769095329924,Evolution,2441,18.8,87,0.4,3.717,11927,855.7714233398438,true,484.5428466796875
zenotof-feces-pos,42,88,GAUSSIAN,Evolution,true,0.026574798859655857,0.03597357871166413,7.0,3.0,8.0,142.9949245582531,0.9001596435788453,1.940377766217719,0.005,15.0,30791.748210574926,Evolution,5338,17.4,88,0.8,6.038,25986,299.9761962890625,true,159.80735778808594
zenotof-feces-pos,42,89,GAUSSIAN,Evolution,true,0.06688296374125269,0.06121394076134055,7.0,2.0,7.0,137.99007617125878,0.7763167612637977,1.5,0.003,7.0,14817.66088950332,Evolution,6842,20.7,89,0.9,6.557,29657,287.4761962890625,false,153.90475463867188
zenotof-feces-pos,42,90,GAUSSIAN,Evolution,true,0.026574798859655857,0.017485695872372965,7.0,2.0,7.0,301.69653302679103,0.8100810724391962,2.2049579033356785,0.003,7.0,9058.579881656804,Evolution,3093,20.2,90,0.5,3.805,14196,621.1904907226562,true,336.1190490722656
zenotof-feces-pos,42,91,GAUSSIAN,Evolution,true,0.04732702486217022,0.02121567726135254,7.0,2.0,6.0,181.55846936587983,0.8494385429645834,1.5091424328845229,0.003,7.0,16517.923146660072,Evolution,5418,22.2,91,0.7,13.237,24267,365.4761962890625,false,201.09524536132812
zenotof-feces-pos,42,92,GAUSSIAN,Evolution,true,0.04483169960979308,0.031148034637729676,7.0,4.0,10.0,100.94894143523307,0.7117064142680194,1.5,0.008,15.0,29012.55259871551,Evolution,8178,26.9,92,0.9,8.491,33632,196.59091186523438,false,111.4510498046875
zenotof-feces-pos,42,93,GAUSSIAN,Evolution,true,0.03671058452781419,0.04304138811014001,7.0,3.0,7.0,142.9949245582531,0.9001596435788453,1.953508930317037,0.005,15.0,31248.57086504224,Evolution,5916,17.8,93,0.8,7.944,28646,294.3095245361328,false,158.54761505126953
zenotof-feces-pos,42,94,GAUSSIAN,Evolution,true,0.03671058452781419,0.04304138811014001,7.0,2.0,7.0,142.9949245582531,0.9001596435788453,1.9469433482673781,0.003,7.0,12762.007439375257,Evolution,5368,18.0,94,0.7,6.316,24330,315.23809814453125,false,162.16666412353516
zenotof-feces-pos,42,95,GAUSSIAN,Evolution,true,0.06688296374125269,0.06345924703432712,7.0,2.0,7.0,137.99007617125878,0.8392654478010413,1.5,0.003,7.0,15035.097893902313,Evolution,6552,19.6,95,0.8,6.049,29011,287.54762268066406,false,153.90475463867188
zenotof-feces-pos,42,96,GAUSSIAN,Evolution,true,0.04177847736189336,0.023420868225349736,7.0,3.0,11.0,142.9949245582531,0.8694428666808117,1.940377766217719,0.005,15.0,25002.3932115139,Evolution,4306,18.6,96,0.7,7.989,20358,308.86131286621094,false,159.1013946533203
zenotof-feces-pos,42,97,GAUSSIAN,Evolution,true,0.026574798859655857,0.017485695872372965,7.0,2.0,7.0,301.69653302679103,0.8100810724391962,2.2049579033356785,0.003,7.0,9058.579881656804,Evolution,3093,20.2,97,0.5,3.805,14196,621.1904907226562,true,336.1190490722656
zenotof-feces-pos,42,98,GAUSSIAN,Evolution,true,0.06688296374125269,0.06345924703432712,7.0,2.0,7.0,137.99007617125878,0.8136986264039631,1.632565491062404,0.003,7.0,14517.797676081516,Evolution,6332,19.8,98,0.7,13.64,27970,289.1190490722656,true,154.5952377319336
zenotof-feces-pos,42,99,GAUSSIAN,Evolution,true,0.026574798859655857,0.03855077556416686,7.0,3.0,8.0,142.9949245582531,0.9001596435788453,1.9406802648748451,0.005,15.0,31235.284383899023,Evolution,5321,17.2,99,0.8,9.059,25986,300.48052978515625,false,159.85281372070312
zenotof-feces-pos,42,100,GAUSSIAN,Evolution,true,0.04732702486217022,0.02121567726135254,27.507745366377105,2.0,5.0,304.6601940241084,0.8494385429645834,1.7293313159933823,0.003,7.0,2950.9283184760043,Evolution,3413,19.6,100,1.3,1.353,16378,614.0,false,337.8571472167969
zenotof-feces-pos,42,101,GAUSSIAN,Evolution,true,0.032154063077288915,0.014335441797172934,7.0,2.0,6.0,288.1441758440121,0.7680792002592166,2.048354809551391,0.003,7.0,11034.997025186753,Evolution,3218,20.2,101,0.6,4.409,15127,585.4523620605469,false,319.6428527832031
zenotof-feces-pos,42,102,GAUSSIAN,Evolution,true,0.03671058452781419,0.04304138811014001,7.0,3.0,7.0,142.9949245582531,0.9001596435788453,1.953508930317037,0.005,15.0,31248.57086504224,Evolution,5916,17.8,102,0.8,7.944,28646,294.3095245361328,true,158.54761505126953
zenotof-feces-pos,42,103,GAUSSIAN,Evolution,true,0.026574798859655857,0.03855077556416686,7.0,3.0,6.0,628.804597298456,0.9001596435788453,1.940377766217719,0.005,15.0,7578.844990780578,Evolution,1477,11.1,103,0.4,2.768,8135,1304.761962890625,false,702.2142944335938
zenotof-feces-pos,42,104,GAUSSIAN,Evolution,true,0.05266467215361566,0.06345924703432712,7.0,2.0,7.0,137.99007617125878,0.8136986264039631,1.5,0.003,7.0,14550.703093896554,Evolution,6784,20.3,104,0.8,6.227,29639,285.5714416503906,true,153.8095245361328
zenotof-feces-pos,42,105,GAUSSIAN,Evolution,true,0.06688296374125269,0.06345924703432712,7.0,2.0,7.0,137.99007617125878,0.8136986264039631,1.632565491062404,0.003,7.0,14517.797676081516,Evolution,6332,19.8,105,0.7,13.64,27970,289.1190490722656,true,154.5952377319336
zenotof-feces-pos,42,106,GAUSSIAN,Evolution,true,0.03671058452781419,0.04304138811014001,7.0,3.0,7.0,142.9949245582531,0.9001596435788453,1.9061533635180163,0.005,15.0,30820.386331309626,Evolution,5972,18.0,106,0.8,6.399,28825,292.07142639160156,false,158.14285278320312
zenotof-feces-pos,42,107,GAUSSIAN,Evolution,true,0.03671058452781419,0.04304138811014001,11.977025093611115,3.0,7.0,142.9949245582531,0.9001596435788453,1.953508930317037,0.005,15.0,12824.729396334764,Evolution,5852,17.8,107,0.9,4.677,28211,296.2857208251953,false,159.42857360839844
zenotof-feces-pos,42,108,GAUSSIAN,Evolution,true,0.049321646611384065,0.014335441797172934,7.0,2.0,6.0,288.1441758440121,0.7680792002592166,2.048354809551391,0.003,7.0,11400.771878915783,Evolution,3175,19.1,108,0.6,3.949,15163,594.09521484375,false,320.26190185546875
zenotof-feces-pos,42,109,GAUSSIAN,Evolution,true,0.03383327010721513,0.02682193774349079,7.0,2.0,5.0,435.6059215682998,0.7086635828709362,1.9109676780492442,0.003,7.0,10124.769095329924,Evolution,2441,18.8,109,0.4,3.717,11927,855.7714233398438,true,484.5428466796875
zenotof-feces-pos,42,110,GAUSSIAN,Evolution,true,0.06514716770308826,0.025970489824181913,44.91719916734492,2.0,5.0,248.25029922311228,0.8265154310747097,1.5807030204417132,0.003,7.0,2570.3476173451145,Evolution,4217,20.1,110,3.7,1.108,19579,505.6856994628906,false,279.95713806152344
zenotof-feces-pos,42,111,GAUSSIAN,Evolution,true,0.06688296374125269,0.06345924703432712,31.679928349341132,2.0,7.0,137.99007617125878,0.8141179451000218,1.5,0.003,7.0,2304.1047506035434,Evolution,5686,21.2,111,3.8,1.627,24439,327.1666564941406,false,160.64286041259766
zenotof-feces-pos,42,112,GAUSSIAN,Evolution,true,0.04732702486217022,0.02121567726135254,7.0,2.0,5.0,145.4984334636526,0.8494385429645834,1.7293313159933823,0.003,7.0,12890.227868414015,Evolution,7250,25.1,112,0.8,6.394,29912,291.9857177734375,true,160.55714416503906
zenotof-feces-pos,42,113,GAUSSIAN,Evolution,true,0.03671058452781419,0.04304138811014001,38.50956261847075,3.0,7.0,142.9949245582531,0.9001596435788453,1.953508930317037,0.005,15.0,3108.7905521301745,Evolution,4597,18.5,113,3.4,1.325,21571,368.0,false,168.26190185546875
zenotof-feces-pos,42,114,GAUSSIAN,Evolution,true,0.04732702486217022,0.02121567726135254,7.0,2.0,5.0,145.4984334636526,0.8494385429645834,1.7293313159933823,0.003,7.0,12890.227868414015,Evolution,7250,25.1,114,0.8,6.394,29912,291.9857177734375,true,160.55714416503906
zenotof-feces-pos,42,115,GAUSSIAN,Evolution,true,0.06688296374125269,0.06345924703432712,7.0,2.0,7.0,137.99007617125878,0.8136986264039631,1.5,0.003,7.0,14961.02080916968,Evolution,6665,19.8,115,0.8,6.187,29314,287.5238037109375,true,153.90475463867188
zenotof-feces-pos,42,116,GAUSSIAN,Evolution,true,0.06411302760598635,0.06345924703432712,7.0,2.0,7.0,137.99007617125878,0.8136986264039631,1.5,0.003,7.0,14907.60674348834,Evolution,6680,19.9,116,0.8,6.585,29332,287.5238037109375,false,153.85714721679688
zenotof-feces-pos,42,117,GAUSSIAN,Evolution,true,0.04732702486217022,0.02121567726135254,7.0,2.0,5.0,142.99600927015544,0.8494385429645834,1.5091424328845229,0.003,7.0,13124.767356664184,Evolution,8266,25.8,117,1.0,7.798,33575,279.95713806152344,true,157.61428833007812
zenotof-feces-pos,42,118,GAUSSIAN,Evolution,true,0.032154063077288915,0.01017921995843498,7.0,2.0,6.0,288.1441758440121,0.7680792002592166,2.048354809551391,0.003,7.0,9845.813181728035,Evolution,3378,22.6,118,0.6,4.293,15127,580.5238037109375,false,320.047607421875
zenotof-feces-pos,42,119,GAUSSIAN,Evolution,true,0.05757099618150629,0.031148034637729676,7.0,4.0,10.0,152.07901562168982,0.7117064142680194,1.5,0.008,15.0,27724.1422058639,Evolution,5279,22.4,119,0.8,6.188,23909,315.10723876953125,true,168.04662322998047
zenotof-feces-pos,42,120,GAUSSIAN,Evolution,true,0.04766685831787697,0.023420868225349736,7.0,3.0,11.0,132.62860138866353,0.8694428666808117,1.940377766217719,0.005,15.0,25204.567387764597,Evolution,4624,19.9,120,0.7,5.421,21495,282.1398620605469,false,147.66200256347656
zenotof-feces-pos,42,121,GAUSSIAN,Evolution,true,0.04732702486217022,0.010471100652835201,7.0,2.0,5.0,145.4984334636526,0.8315685846842733,1.7293313159933823,0.003,7.0,9390.037915948562,Evolution,8153,31.4,121,0.8,6.093,30172,285.25714111328125,false,160.27143096923828
zenotof-feces-pos,42,122,GAUSSIAN,Evolution,true,0.032154063077288915,0.014335441797172934,7.0,2.0,6.0,140.29778110842992,0.7680792002592166,2.048354809551391,0.003,7.0,9827.051763773286,Evolution,6401,27.7,122,0.6,9.116,25230,293.28570556640625,false,157.7142791748047
zenotof-feces-pos,42,123,GAUSSIAN,Evolution,true,0.03671058452781419,0.04304138811014001,7.0,3.0,7.0,142.9949245582531,0.9001596435788453,1.953508930317037,0.005,15.0,31248.57086504224,Evolution,5916,17.8,123,0.8,7.944,28646,294.3095245361328,true,158.54761505126953
zenotof-feces-pos,42,124,GAUSSIAN,Evolution,true,0.04732702486217022,0.02121567726135254,7.0,2.0,5.0,142.99600927015544,0.8494385429645834,1.5091424328845229,0.003,7.0,13124.767356664184,Evolution,8266,25.8,124,1.0,7.798,33575,279.95713806152344,true,157.61428833007812
zenotof-feces-pos,42,125,GAUSSIAN,Evolution,true,0.026833512973039462,0.02682193774349079,7.0,2.0,5.0,435.6059215682998,0.7086635828709362,1.9109676780492442,0.003,7.0,9069.318659161556,Evolution,2473,19.2,125,0.4,4.281,11903,855.7714233398438,false,483.8428497314453
zenotof-feces-pos,42,126,GAUSSIAN,Evolution,true,0.05757099618150629,0.031148034637729676,10.94180948734769,4.0,10.0,152.07901562168982,0.7117064142680194,1.5,0.008,15.0,12795.23737793931,Evolution,5087,23.0,126,1.1,3.422,22837,322.6643371582031,false,168.7634048461914
zenotof-feces-pos,42,127,GAUSSIAN,Evolution,true,0.06688296374125269,0.06345924703432712,7.0,2.0,7.0,139.24128826800734,0.8136986264039631,1.5,0.003,7.0,14936.631266309572,Evolution,6606,19.7,127,0.8,6.908,29124,289.6190490722656,false,155.57142639160156
zenotof-feces-pos,42,128,GAUSSIAN,Evolution,true,0.03671058452781419,0.04304138811014001,7.0,3.0,7.0,136.19519925979648,0.9001596435788453,1.953508930317037,0.005,15.0,31772.505586685904,Evolution,6172,17.3,128,0.7,7.255,29803,281.78570556640625,false,151.85714721679688
zenotof-feces-pos,42,129,GAUSSIAN,Evolution,true,0.04732702486217022,0.02121567726135254,47.937406390249826,2.0,5.0,145.4984334636526,0.8494385429645834,1.7293313159933823,0.003,7.0,1924.1975625400898,Evolution,6090,25.8,129,6.8,1.29,24944,337.45713806152344,false,170.74285888671875
zenotof-feces-pos,42,130,GAUSSIAN,Evolution,true,0.03671058452781419,0.04304138811014001,7.0,3.0,7.0,136.19519925979648,0.9001596435788453,1.953508930317037,0.005,15.0,31772.505586685904,Evolution,6172,17.3,130,0.7,7.255,29803,281.78570556640625,true,151.85714721679688
zenotof-feces-pos,42,131,GAUSSIAN,Evolution,true,0.03671058452781419,0.04304138811014001,7.0,3.0,7.0,136.19519925979648,0.9001596435788453,1.953508930317037,0.005,15.0,31772.505586685904,Evolution,6172,17.3,131,0.7,7.255,29803,281.78570556640625,true,151.85714721679688
zenotof-feces-pos,42,132,GAUSSIAN,Evolution,true,0.049626589961578815,0.02121567726135254,7.0,2.0,5.0,145.4984334636526,0.8494385429645834,1.7293313159933823,0.003,7.0,12941.862885425724,Evolution,7210,24.8,132,0.8,6.389,29902,292.1999969482422,false,160.57142639160156
zenotof-feces-pos,42,133,GAUSSIAN,Evolution,true,0.03671058452781419,0.023420868225349736,7.0,3.0,11.0,142.9949245582531,0.8694428666808117,1.940377766217719,0.005,15.0,24300.756608037733,Evolution,4335,19.0,133,0.7,5.545,20354,306.3473205566406,true,159.07342529296875
zenotof-feces-pos,42,134,GAUSSIAN,Evolution,true,0.06514716770308826,0.025970489824181913,7.419794043892566,2.0,5.0,248.25029922311228,0.8265154310747097,1.5725688671816682,0.003,7.0,13097.07900299887,Evolution,4388,20.0,134,0.6,6.289,20341,493.22857666015625,false,278.0
zenotof-feces-pos,42,135,GAUSSIAN,Evolution,true,0.06832162095155223,0.06345924703432712,7.0,2.0,7.0,139.24128826800734,0.8136986264039631,1.5,0.003,7.0,14939.196023215083,Evolution,6604,19.7,135,0.8,6.231,29119,289.6666564941406,false,155.57142639160156
zenotof-feces-pos,42,136,GAUSSIAN,Evolution,true,0.05266467215361566,0.05312843016786609,7.0,2.0,7.0,137.99007617125878,0.8136986264039631,1.5,0.003,7.0,14489.530582638912,Evolution,6870,21.2,136,0.8,6.765,29641,284.4047546386719,false,153.7142791748047
zenotof-feces-pos,42,137,GAUSSIAN,Evolution,true,0.05266467215361566,0.06345924703432712,7.0,2.0,7.0,137.99007617125878,0.8136986264039631,1.5,0.003,7.0,14550.703093896554,Evolution,6784,20.3,137,0.8,6.227,29639,285.5714416503906,true,153.8095245361328
zenotof-feces-pos,42,138,GAUSSIAN,Evolution,true,0.026574798859655857,0.03728497391120665,21.170885792499814,3.0,8.0,142.9949245582531,0.9001596435788453,1.940377766217719,0.005,15.0,5527.100138121547,Evolution,4798,17.7,138,1.4,2.002,23168,324.7965393066406,false,162.56493377685547
zenotof-feces-pos,42,139,GAUSSIAN,Evolution,true,0.04732702486217022,0.02121567726135254,7.0,2.0,5.0,145.4984334636526,0.8494385429645834,1.7293313159933823,0.003,7.0,12890.227868414015,Evolution,7250,25.1,139,0.8,6.394,29912,291.9857177734375,true,160.55714416503906
zenotof-feces-pos,42,140,GAUSSIAN,Evolution,true,0.06688296374125269,0.06345924703432712,7.0,2.0,7.0,139.24128826800734,0.8136986264039631,1.5,0.003,7.0,14936.631266309572,Evolution,6606,19.7,140,0.8,6.908,29124,289.6190490722656,true,155.57142639160156
zenotof-feces-pos,42,141,GAUSSIAN,Evolution,true,0.06688296374125269,0.06345924703432712,7.0,2.0,7.0,137.99007617125878,0.8136986264039631,1.5,0.003,7.0,14961.02080916968,Evolution,6665,19.8,141,0.8,6.187,29314,287.5238037109375,true,153.90475463867188
zenotof-feces-pos,42,142,GAUSSIAN,Evolution,true,0.04732702486217022,0.02121567726135254,7.0,2.0,5.0,142.99600927015544,0.8494385429645834,1.5091424328845229,0.003,7.0,13124.767356664184,Evolution,8266,25.8,142,1.0,7.798,33575,279.95713806152344,true,157.61428833007812
zenotof-feces-pos,42,143,GAUSSIAN,Evolution,true,0.03772113428223367,0.018374128917501065,7.0,2.0,5.0,145.4984334636526,0.8494385429645834,1.7293313159933823,0.003,7.0,11755.03855389541,Evolution,7562,27.7,143,0.8,5.704,29984,287.08570861816406,false,160.24285888671875
zenotof-feces-pos,42,144,GAUSSIAN,Evolution,true,0.032154063077288915,0.014335441797172934,7.0,2.0,6.0,288.1441758440121,0.7646710188980684,2.048354809551391,0.003,7.0,11023.042837310768,Evolution,3218,20.2,144,0.6,10.095,15127,585.4523620605469,false,319.6428527832031
zenotof-feces-pos,42,145,GAUSSIAN,Evolution,true,0.03475892948679901,0.04304138811014001,7.0,3.0,7.0,136.19519925979648,0.8944991782153681,1.953508930317037,0.005,15.0,31599.067204391045,Evolution,6190,17.3,145,0.8,26.928,29879,281.40476989746094,false,151.78571319580078
zenotof-feces-pos,42,146,GAUSSIAN,Evolution,true,0.06688296374125269,0.06345924703432712,7.0,2.0,7.0,137.99007617125878,0.8136986264039631,1.5,0.003,7.0,14961.02080916968,Evolution,6665,19.8,146,0.8,6.187,29314,287.5238037109375,true,153.90475463867188
zenotof-feces-pos,42,147,GAUSSIAN,Evolution,true,0.04732702486217022,0.02121567726135254,8.664211984178737,2.0,5.0,145.4984334636526,0.8494385429645834,1.7293313159933823,0.003,7.0,8485.84085359735,Evolution,7247,25.1,147,0.9,10.603,29897,292.028564453125,false,160.57142639160156
zenotof-feces-pos,42,148,GAUSSIAN,Evolution,true,0.05266467215361566,0.06345924703432712,7.0,2.0,7.0,137.99007617125878,0.8136986264039631,1.5,0.003,7.0,14550.703093896554,Evolution,6784,20.3,148,0.8,6.227,29639,285.5714416503906,true,153.8095245361328
zenotof-feces-pos,42,149,GAUSSIAN,Evolution,true,0.06832162095155223,0.06345924703432712,7.0,2.0,7.0,139.24128826800734,0.8136986264039631,1.5,0.003,7.0,14939.196023215083,Evolution,6604,19.7,149,0.8,6.231,29119,289.6666564941406,true,155.57142639160156
zenotof-feces-pos,42,150,GAUSSIAN,Evolution,true,0.03671058452781419,0.023420868225349736,7.0,3.0,11.0,142.9949245582531,0.8694428666808117,2.0877751418647907,0.005,15.0,23725.40137170121,Evolution,4289,19.0,150,0.7,6.041,20121,309.79254150390625,false,159.08625030517578
zenotof-feces-pos,42,151,GAUSSIAN,Evolution,true,0.03671058452781419,0.04304138811014001,13.530458426685296,3.0,7.0,136.19519925979648,0.9001596435788453,1.953508930317037,0.005,15.0,10284.764807221858,Evolution,6038,17.5,151,1.1,3.322,29023,286.71429443359375,false,153.11904907226562
zenotof-feces-pos,42,152,GAUSSIAN,Evolution,true,0.026574798859655857,0.03855077556416686,7.0,3.0,8.0,142.9949245582531,0.9001596435788453,1.940377766217719,0.005,15.0,31235.284383899023,Evolution,5321,17.2,152,0.8,5.763,25986,300.48052978515625,true,159.85281372070312
zenotof-feces-pos,42,153,GAUSSIAN,Evolution,true,0.06832162095155223,0.06345924703432712,7.0,2.0,7.0,139.24128826800734,0.8136986264039631,1.5,0.003,7.0,14939.196023215083,Evolution,6604,19.7,153,0.8,6.231,29119,289.6666564941406,true,155.57142639160156
zenotof-feces-pos,42,154,GAUSSIAN,Evolution,true,0.06688296374125269,0.06345924703432712,7.0,2.0,7.0,137.99007617125878,0.8136986264039631,1.5,0.003,7.0,14961.02080916968,Evolution,6665,19.8,154,0.8,6.187,29314,287.5238037109375,true,153.90475463867188
zenotof-feces-pos,42,155,GAUSSIAN,Evolution,true,0.07666093318079392,0.06345924703432712,7.0,2.0,7.0,137.99007617125878,0.8136986264039631,1.5,0.003,7.0,14551.67986912347,Evolution,6611,20.1,155,0.8,6.937,29035,287.76190185546875,false,153.90475463867188
zenotof-feces-pos,42,156,GAUSSIAN,Evolution,true,0.09192603090182172,0.06345924703432712,7.0,2.0,7.0,137.99007617125878,0.8136986264039631,1.5,0.003,7.0,14323.687638966092,Evolution,6521,19.8,156,0.8,8.109,28784,288.76190185546875,false,153.8095245361328
zenotof-feces-pos,42,157,GAUSSIAN,Evolution,true,0.03671058452781419,0.04304138811014001,7.0,3.0,7.0,136.19519925979648,0.9001596435788453,1.953508930317037,0.005,15.0,31772.505586685904,Evolution,6172,17.3,157,0.7,7.255,29803,281.78570556640625,true,151.85714721679688
zenotof-feces-pos,42,158,GAUSSIAN,Evolution,true,0.09192603090182172,0.06345924703432712,7.0,2.0,7.0,137.99007617125878,0.8136986264039631,1.5,0.003,7.0,14323.687638966092,Evolution,6521,19.8,158,0.8,8.109,28784,288.76190185546875,true,153.8095245361328
zenotof-feces-pos,42,159,GAUSSIAN,Evolution,true,0.07886836598264478,0.04304138811014001,12.518242328314793,3.0,7.0,136.19519925979648,0.9001596435788453,1.953508930317037,0.005,15.0,11923.5403125,Evolution,5953,17.4,159,1.0,4.067,28800,287.19049072265625,false,152.8095245361328
zenotof-feces-pos,42,160,GAUSSIAN,Evolution,true,0.05757099618150629,0.031148034637729676,7.0,4.0,10.0,254.85516539626252,0.7117064142680194,1.5,0.008,15.0,18942.360483141714,Evolution,3250,19.5,160,0.7,5.421,15482,507.51165771484375,false,283.57342529296875
zenotof-feces-pos,42,161,GAUSSIAN,Evolution,true,0.05266467215361566,0.06345924703432712,7.0,2.0,7.0,137.99007617125878,0.932322046392022,1.5,0.003,7.0,15577.049626506916,Evolution,5795,17.0,161,0.6,5.99,27042,295.047607421875,false,155.42857360839844
zenotof-feces-pos,42,162,GAUSSIAN,Evolution,true,0.09192603090182172,0.06345924703432712,7.0,2.0,7.0,137.99007617125878,0.8136986264039631,1.5,0.003,7.0,14323.687638966092,Evolution,6521,19.8,162,0.8,8.109,28784,288.76190185546875,true,153.8095245361328
zenotof-feces-pos,42,163,GAUSSIAN,Evolution,true,0.07666093318079392,0.06345924703432712,59.05189977544215,2.0,7.0,137.99007617125878,0.8120573460180739,1.5171508060551027,0.003,7.0,1487.797745812317,Evolution,3808,23.5,163,10.1,0.957,16059,457.8095245361328,false,187.8095245361328
zenotof-feces-pos,42,164,GAUSSIAN,Evolution,true,0.04660340940915947,0.06345924703432712,47.07656855992155,2.0,7.0,137.99007617125878,0.8136986264039631,1.5,0.003,7.0,1735.8306857228226,Evolution,4784,23.0,164,7.8,1.192,20081,381.40476989746094,false,169.23809814453125
zenotof-feces-pos,42,165,GAUSSIAN,Evolution,true,0.05757099618150629,0.031148034637729676,7.0,4.0,10.0,152.07901562168982,0.7117064142680194,1.5,0.008,15.0,27724.1422058639,Evolution,5279,22.4,165,0.8,6.188,23909,315.10723876953125,true,168.04662322998047
zenotof-feces-pos,42,166,GAUSSIAN,Evolution,true,0.06688296374125269,0.0606600151847162,7.0,2.0,7.0,137.99007617125878,0.8136986264039631,1.5,0.003,7.0,14958.061227274278,Evolution,6681,19.9,166,0.8,5.867,29317,287.5714416503906,false,153.85714721679688
zenotof-feces-pos,42,167,GAUSSIAN,Evolution,true,0.03671058452781419,0.04304138811014001,7.0,2.0,7.0,136.19519925979648,0.9001596435788453,2.0086474907645693,0.003,7.0,12242.57142857143,Evolution,5551,18.5,167,0.6,5.796,24696,303.4761962890625,false,154.23809814453125
zenotof-feces-pos,42,168,GAUSSIAN,Evolution,true,0.06832162095155223,0.06345924703432712,7.0,2.0,3.0,98.80201040879888,0.8136986264039631,1.5,0.003,7.0,9933.814737667051,Evolution,12354,26.0,168,1.3,9.794,48488,182.3428497314453,false,108.31428527832031
zenotof-feces-pos,42,169,GAUSSIAN,Evolution,true,0.03671058452781419,0.04304138811014001,7.0,3.0,6.0,136.19519925979648,0.9001596435788453,1.953508930317037,0.005,15.0,32045.80432840266,Evolution,6262,17.5,169,0.8,6.682,30219,280.7142791748047,false,151.5238037109375
zenotof-feces-pos,42,170,GAUSSIAN,Evolution,true,0.03671058452781419,0.023420868225349736,7.0,3.0,11.0,142.9949245582531,0.8694428666808117,1.9299767411293085,0.005,15.0,24352.585980069707,Evolution,4339,19.0,170,0.7,5.61,20371,306.3473205566406,false,159.07925415039062
zenotof-feces-pos,42,171,GAUSSIAN,Evolution,true,0.03671058452781419,0.04304138811014001,7.0,3.0,7.0,136.19519925979648,0.9001596435788453,1.953508930317037,0.005,15.0,31772.505586685904,Evolution,6172,17.3,171,0.7,7.255,29803,281.78570556640625,true,151.85714721679688
zenotof-feces-pos,42,172,GAUSSIAN,Evolution,true,0.026574798859655857,0.03855077556416686,7.0,2.0,8.0,142.9949245582531,0.9001596435788453,1.940377766217719,0.003,7.0,11071.240245157669,Evolution,4764,18.6,172,0.7,9.356,21374,323.11256408691406,false,162.42640686035156
zenotof-feces-pos,42,173,GAUSSIAN,Evolution,true,0.04889596048238754,0.04304138811014001,7.0,2.0,7.0,136.19519925979648,0.9001596435788453,1.953508930317037,0.003,7.0,12908.092045363788,Evolution,5579,18.3,173,0.7,6.516,25042,300.6190490722656,false,153.90475463867188
zenotof-feces-pos,42,174,GAUSSIAN,Evolution,true,0.04732702486217022,0.02121567726135254,7.0,2.0,5.0,63.42409180495845,0.8494385429645834,1.7293313159933823,0.003,7.0,6195.789090432601,Evolution,16743,36.7,174,1.7,10.239,53421,127.25714111328125,false,71.34285736083984
zenotof-feces-pos,42,175,GAUSSIAN,Evolution,true,0.06688296374125269,0.06345924703432712,7.0,2.0,7.0,137.99007617125878,0.8136986264039631,1.5,0.003,7.0,14961.02080916968,Evolution,6665,19.8,175,0.8,6.187,29314,287.5238037109375,true,153.90475463867188
zenotof-feces-pos,42,176,GAUSSIAN,Evolution,true,0.09192603090182172,0.06345924703432712,7.0,2.0,6.0,137.99007617125878,0.8136986264039631,1.5,0.003,7.0,15154.094045037531,Evolution,6737,19.8,176,0.8,6.014,29975,282.23809814453125,false,152.61904907226562
zenotof-feces-pos,42,177,GAUSSIAN,Evolution,true,0.06832162095155223,0.06345924703432712,7.0,2.0,7.0,96.00873025269777,0.8136986264039631,1.5,0.003,7.0,11835.08954086993,Evolution,9482,23.8,177,1.1,7.516,38072,197.11904907226562,false,106.85713958740234
zenotof-feces-pos,42,178,GAUSSIAN,Evolution,true,0.07770616403010909,0.06345924703432712,7.0,2.0,6.0,137.99007617125878,0.8136986264039631,1.5,0.003,7.0,15389.915676998908,Evolution,6842,20.2,178,0.8,6.134,30229,281.1666717529297,false,152.73809051513672
zenotof-feces-pos,42,179,GAUSSIAN,Evolution,true,0.07666093318079392,0.06345924703432712,7.0,2.0,7.0,137.99007617125878,0.8136986264039631,1.5,0.003,7.0,14551.67986912347,Evolution,6611,20.1,179,0.8,6.937,29035,287.76190185546875,true,153.90475463867188
zenotof-feces-pos,42,180,GAUSSIAN,Evolution,true,0.05266467215361566,0.06345924703432712,7.0,2.0,7.0,137.99007617125878,0.8136986264039631,1.5,0.003,7.0,14550.703093896554,Evolution,6784,20.3,180,0.8,6.227,29639,285.5714416503906,true,153.8095245361328
zenotof-feces-pos,42,181,GAUSSIAN,Evolution,true,0.032154063077288915,0.014335441797172934,7.0,2.0,6.0,288.1441758440121,0.7680792002592166,2.048354809551391,0.003,7.0,11034.997025186753,Evolution,3218,20.2,181,0.6,4.409,15127,585.4523620605469,true,319.6428527832031
zenotof-feces-pos,42,182,GAUSSIAN,Evolution,true,0.04732702486217022,0.02121567726135254,7.0,2.0,5.0,54.10795882689851,0.8494385429645834,1.7293313159933823,0.003,7.0,5371.349248133237,Evolution,19177,39.4,182,2.2,10.501,58122,111.22856903076172,false,61.485713958740234
zenotof-feces-pos,42,183,GAUSSIAN,Evolution,true,0.06832162095155223,0.06345924703432712,7.0,2.0,7.0,139.24128826800734,0.8329555880968569,1.5,0.003,7.0,15000.36965020932,Evolution,6519,19.5,183,0.8,6.536,28903,289.80950927734375,false,155.57142639160156
zenotof-feces-pos,42,184,GAUSSIAN,Evolution,true,0.032154063077288915,0.014335441797172934,7.0,2.0,6.0,288.1441758440121,0.7680792002592166,2.048354809551391,0.003,7.0,11034.997025186753,Evolution,3218,20.2,184,0.6,4.409,15127,585.4523620605469,true,319.6428527832031
zenotof-feces-pos,42,185,GAUSSIAN,Evolution,true,0.03671058452781419,0.04304138811014001,7.0,3.0,6.0,136.19519925979648,0.9001596435788453,1.9516510578632529,0.005,15.0,31987.748619058646,Evolution,6265,17.5,185,0.8,6.451,30233,280.6666564941406,false,151.5238037109375
zenotof-feces-pos,42,186,GAUSSIAN,Evolution,true,0.05967872837228229,0.04304138811014001,7.0,3.0,6.0,136.19519925979648,0.9001596435788453,1.9516510578632529,0.005,15.0,34182.26553747224,Evolution,6221,17.3,186,0.8,6.386,30169,281.0,false,151.5238037109375
zenotof-feces-pos,42,187,GAUSSIAN,Evolution,true,0.06688296374125269,0.06345924703432712,7.0,2.0,5.0,137.99007617125878,0.8136986264039631,1.5,0.003,7.0,14800.593417427866,Evolution,7916,21.2,187,1.0,6.391,34485,280.6000061035156,false,152.9857177734375
zenotof-feces-pos,42,188,GAUSSIAN,Evolution,true,0.05967872837228229,0.04304138811014001,7.0,3.0,6.0,136.19519925979648,0.9001596435788453,1.9516510578632529,0.005,15.0,34182.26553747224,Evolution,6221,17.3,188,0.8,6.386,30169,281.0,true,151.5238037109375
zenotof-feces-pos,42,189,GAUSSIAN,Evolution,true,0.06832162095155223,0.06345924703432712,7.0,2.0,7.0,139.24128826800734,0.8136986264039631,1.5,0.003,7.0,14939.196023215083,Evolution,6604,19.7,189,0.8,6.231,29119,289.6666564941406,true,155.57142639160156
zenotof-feces-pos,42,190,GAUSSIAN,Evolution,true,0.06688296374125269,0.056352713167784625,7.0,2.0,7.0,137.99007617125878,0.8136986264039631,1.5,0.003,7.0,14943.269015621803,Evolution,6717,20.3,190,0.8,6.104,29318,287.3809509277344,false,153.8095245361328
zenotof-feces-pos,42,191,GAUSSIAN,Evolution,true,0.06688296374125269,0.06345924703432712,11.098407975351009,2.0,7.0,44.128803081515784,0.8136986264039631,1.5,0.003,7.0,2991.099903301037,Evolution,15801,32.2,191,5.2,5.849,52741,113.95237731933594,false,54.0476188659668
zenotof-feces-pos,42,192,GAUSSIAN,Evolution,true,0.07666093318079392,0.06345924703432712,33.75832823393834,2.0,7.0,137.99007617125878,0.8136986264039631,1.5,0.003,7.0,2181.1685507862303,Evolution,5487,21.7,192,4.3,1.546,23530,334.71429443359375,false,161.95237731933594
zenotof-feces-pos,42,193,GAUSSIAN,Evolution,true,0.030423518646310398,0.02255033206964698,7.0,3.0,11.0,142.9949245582531,0.8694428666808117,1.940377766217719,0.005,15.0,23052.256119785252,Evolution,4386,20.0,193,0.7,4.981,20303,304.9090881347656,false,158.96503448486328
zenotof-feces-pos,42,194,GAUSSIAN,Evolution,true,0.07666093318079392,0.06345924703432712,7.0,2.0,7.0,137.99007617125878,0.8136986264039631,1.5,0.003,7.0,14551.67986912347,Evolution,6611,20.1,194,0.8,6.937,29035,287.76190185546875,true,153.90475463867188
zenotof-feces-pos,42,195,GAUSSIAN,Evolution,true,0.026574798859655857,0.03855077556416686,7.0,3.0,8.0,142.9949245582531,0.9001596435788453,1.940377766217719,0.005,15.0,31235.284383899023,Evolution,5321,17.2,195,0.8,5.763,25986,300.48052978515625,true,159.85281372070312
zenotof-feces-pos,42,196,GAUSSIAN,Evolution,true,0.06688296374125269,0.06345924703432712,7.0,2.0,8.0,137.99007617125878,0.8136986264039631,1.5,0.003,7.0,12617.675064853393,Evolution,5835,20.2,196,0.8,5.525,25442,294.3852844238281,false,154.73160552978516
zenotof-feces-pos,42,197,GAUSSIAN,Evolution,true,0.09192603090182172,0.04551892398504,7.0,2.0,7.0,137.99007617125878,0.8136986264039631,1.590368611154172,0.003,7.0,14011.985829307569,Evolution,6367,20.5,197,0.7,6.243,27945,289.0,false,153.90475463867188
zenotof-feces-pos,42,198,GAUSSIAN,Evolution,true,0.05266467215361566,0.06345924703432712,7.0,2.0,7.0,69.93527349124979,0.7912978451924473,1.5,0.003,7.0,8613.871747678408,Evolution,13071,27.2,198,1.4,9.355,47812,146.0,false,79.23809814453125
zenotof-feces-pos,42,199,GAUSSIAN,Evolution,true,0.09192603090182172,0.06345924703432712,10.60737700857976,2.0,7.0,137.99007617125878,0.8136986264039631,1.5,0.003,7.0,7177.167452166573,Evolution,6444,19.8,199,1.1,3.973,28432,291.19049072265625,false,154.61904907226562
zenotof-feces-pos,42,200,GAUSSIAN,Evolution,true,0.05757099618150629,0.031148034637729676,7.0,4.0,10.0,165.20783013909343,0.7117064142680194,1.5,0.008,15.0,26829.71017360799,Evolution,4854,21.8,200,0.8,5.397,22234,344.5664367675781,false,184.80069732666016
zenotof-feces-pos,42,201,GAUSSIAN,Evolution,true,0.05967872837228229,0.04304138811014001,7.0,3.0,6.0,136.19519925979648,0.9141719074490504,1.9516510578632529,0.005,15.0,33941.58357271695,Evolution,6168,17.1,201,0.7,6.432,29938,282.40476989746094,false,151.73809051513672
zenotof-feces-pos,42,202,GAUSSIAN,Evolution,true,0.04732702486217022,0.02121567726135254,13.17457463018695,2.0,5.0,145.4984334636526,0.8494385429645834,1.6448104187095887,0.003,7.0,4474.560046638166,Evolution,7528,25.6,202,1.4,3.503,30876,289.41429138183594,false,160.52857208251953
zenotof-feces-pos,42,203,GAUSSIAN,Evolution,true,0.06832162095155223,0.06345924703432712,7.0,2.0,7.0,139.24128826800734,0.8136986264039631,1.5064121004763564,0.003,7.0,14968.052660582056,Evolution,6582,19.6,203,0.8,6.366,29035,289.1666717529297,false,155.57142639160156
zenotof-feces-pos,42,204,GAUSSIAN,Evolution,true,0.05967872837228229,0.04304138811014001,7.0,3.0,6.0,136.19519925979648,0.9001596435788453,1.9516510578632529,0.005,15.0,34182.26553747224,Evolution,6221,17.3,204,0.8,6.386,30169,281.0,true,151.5238037109375
zenotof-feces-pos,42,205,GAUSSIAN,Evolution,true,0.05967872837228229,0.04304138811014001,7.0,3.0,6.0,136.19519925979648,0.9001596435788453,1.9516510578632529,0.005,15.0,34182.26553747224,Evolution,6221,17.3,205,0.8,6.386,30169,281.0,true,151.5238037109375
zenotof-feces-pos,42,206,GAUSSIAN,Evolution,true,0.05967872837228229,0.04304138811014001,7.0,3.0,6.0,136.19519925979648,0.9001596435788453,1.9516510578632529,0.005,15.0,34182.26553747224,Evolution,6221,17.3,206,0.8,6.386,30169,281.0,true,151.5238037109375
zenotof-feces-pos,42,207,GAUSSIAN,Evolution,true,0.06688296374125269,0.06345924703432712,7.0,2.0,7.0,137.99007617125878,0.8053240342855991,1.5,0.003,7.0,14942.81267217631,Evolution,6712,20.1,207,0.9,6.46,29403,287.5,false,153.88095092773438
zenotof-feces-pos,42,208,GAUSSIAN,Evolution,true,0.07666093318079392,0.06345924703432712,7.0,2.0,7.0,137.99007617125878,0.8136986264039631,1.5,0.003,7.0,14551.67986912347,Evolution,6611,20.1,208,0.8,6.937,29035,287.76190185546875,true,153.90475463867188
zenotof-feces-pos,42,209,GAUSSIAN,Evolution,true,0.07666093318079392,0.06345924703432712,7.0,2.0,7.0,137.99007617125878,0.8136986264039631,1.5,0.003,7.0,14551.67986912347,Evolution,6611,20.1,209,0.8,6.937,29035,287.76190185546875,true,153.90475463867188
zenotof-feces-pos,42,210,GAUSSIAN,Evolution,true,0.05757099618150629,0.031148034637729676,7.0,4.0,10.0,152.07901562168982,0.7117064142680194,1.5,0.008,15.0,27724.1422058639,Evolution,5279,22.4,210,0.8,6.188,23909,315.10723876953125,true,168.04662322998047
zenotof-feces-pos,42,211,GAUSSIAN,Evolution,true,0.09192603090182172,0.06345924703432712,7.0,2.0,7.0,137.99007617125878,0.8136986264039631,1.5,0.003,7.0,14323.687638966092,Evolution,6521,19.8,211,0.8,8.109,28784,288.76190185546875,true,153.8095245361328
zenotof-feces-pos,42,212,GAUSSIAN,Evolution,true,0.026574798859655857,0.03855077556416686,7.0,3.0,8.0,142.9949245582531,0.9001596435788453,1.940377766217719,0.005,15.0,31235.284383899023,Evolution,5321,17.2,212,0.8,5.763,25986,300.48052978515625,true,159.85281372070312
zenotof-feces-pos,42,213,GAUSSIAN,Evolution,true,0.03671058452781419,0.023420868225349736,7.0,3.0,11.0,142.9949245582531,0.8694428666808117,1.940377766217719,0.005,15.0,24300.756608037733,Evolution,4335,19.0,213,0.7,5.545,20354,306.3473205566406,true,159.07342529296875
zenotof-feces-pos,42,214,GAUSSIAN,Evolution,true,0.032154063077288915,0.014335441797172934,7.0,2.0,6.0,288.1441758440121,0.7680792002592166,2.048354809551391,0.003,7.0,11034.997025186753,Evolution,3218,20.2,214,0.6,4.409,15127,585.4523620605469,true,319.6428527832031
zenotof-feces-pos,42,215,GAUSSIAN,Evolution,true,0.05967872837228229,0.04304138811014001,67.77043647035615,3.0,6.0,136.19519925979648,0.9001596435788453,1.9462524911989265,0.005,15.0,1955.1353295622232,Evolution,3465,18.6,215,7.1,0.91,16264,503.5714416503906,false,207.9047622680664
zenotof-feces-pos,42,216,GAUSSIAN,Evolution,true,0.06688296374125269,0.07159441207714196,7.0,2.0,4.0,137.99007617125878,0.8136986264039631,1.5,0.003,7.0,14261.211442715297,Evolution,8078,21.5,216,1.1,6.555,35149,276.01429748535156,false,152.4142837524414
zenotof-feces-pos,42,217,GAUSSIAN,Evolution,true,0.09192603090182172,0.0823402771580581,7.0,2.0,7.0,137.99007617125878,0.8136986264039631,1.5648842118189545,0.003,7.0,14324.932395966482,Evolution,6311,19.3,217,0.8,5.943,28164,290.19049072265625,false,154.23809814453125
zenotof-feces-pos,42,218,GAUSSIAN,Evolution,true,0.05266467215361566,0.06345924703432712,7.0,2.0,7.0,137.99007617125878,0.8136986264039631,1.5,0.003,7.0,14550.703093896554,Evolution,6784,20.3,218,0.8,6.227,29639,285.5714416503906,true,153.8095245361328
zenotof-feces-pos,42,219,GAUSSIAN,Evolution,true,0.06832162095155223,0.06345924703432712,7.0,2.0,7.0,139.24128826800734,0.8136986264039631,1.5,0.003,7.0,14939.196023215083,Evolution,6604,19.7,219,0.8,6.231,29119,289.6666564941406,true,155.57142639160156
zenotof-feces-pos,42,220,GAUSSIAN,Evolution,true,0.06688296374125269,0.06345924703432712,7.0,2.0,7.0,137.99007617125878,0.8136986264039631,1.5,0.003,7.0,14961.02080916968,Evolution,6665,19.8,220,0.8,6.187,29314,287.5238037109375,true,153.90475463867188
zenotof-feces-pos,42,221,GAUSSIAN,Evolution,true,0.06688296374125269,0.06345924703432712,7.0,2.0,7.0,137.99007617125878,0.8136986264039631,1.5,0.003,7.0,14961.02080916968,Evolution,6665,19.8,221,0.8,6.187,29314,287.5238037109375,true,153.90475463867188
zenotof-feces-pos,42,222,GAUSSIAN,Evolution,true,0.05263491791874969,0.06345924703432712,7.0,2.0,6.0,139.24128826800734,0.8136986264039631,1.5,0.003,7.0,15468.831560746445,Evolution,6939,20.1,222,0.9,6.364,30652,282.4285583496094,false,154.4047622680664
zenotof-feces-pos,42,223,GAUSSIAN,Evolution,true,0.06688296374125269,0.07159441207714196,7.0,2.0,4.0,137.99007617125878,0.8136986264039631,1.5,0.003,7.0,14261.211442715297,Evolution,8078,21.5,223,1.1,6.555,35149,276.01429748535156,true,152.4142837524414
zenotof-feces-pos,42,224,GAUSSIAN,Evolution,true,0.06688296374125269,0.06345924703432712,7.0,2.0,7.0,137.99007617125878,0.8136986264039631,1.5,0.003,7.0,14961.02080916968,Evolution,6665,19.8,224,0.8,6.187,29314,287.5238037109375,true,153.90475463867188
zenotof-feces-pos,42,225,GAUSSIAN,Evolution,true,0.09192603090182172,0.06345924703432712,7.0,2.0,8.0,137.99007617125878,0.8136986264039631,1.5,0.003,7.0,12338.24884370016,Evolution,5729,20.1,225,0.8,5.652,25080,296.7186279296875,false,154.78787994384766
zenotof-feces-pos,42,226,GAUSSIAN,Evolution,true,0.04683421717910086,0.03855077556416686,7.0,3.0,8.0,142.9949245582531,0.9013684814710058,1.940377766217719,0.005,15.0,32628.93919205145,Evolution,5305,17.2,226,0.8,5.996,25967,300.8052062988281,false,159.86363983154297
zenotof-feces-pos,42,227,GAUSSIAN,Evolution,true,0.06688296374125269,0.04963475017061162,7.0,2.0,7.0,137.99007617125878,0.8136986264039631,1.5,0.003,7.0,14860.56787638993,Evolution,6777,21.2,227,0.8,6.079,29318,287.047607421875,false,153.78571319580078
zenotof-feces-pos,42,228,GAUSSIAN,Evolution,true,0.05967872837228229,0.04304138811014001,7.0,3.0,6.0,132.10010833927845,0.9001596435788453,1.9516510578632529,0.005,15.0,33866.80052993828,Evolution,6467,18.1,228,0.8,6.472,30947,269.80950927734375,false,146.8095245361328
zenotof-feces-pos,42,229,GAUSSIAN,Evolution,true,0.09192603090182172,0.04839899626281588,7.0,2.0,7.0,137.99007617125878,0.8136986264039631,1.5,0.003,7.0,14234.18427911179,Evolution,6553,20.3,229,0.8,5.964,28777,288.6666564941406,false,153.83333587646484
zenotof-feces-pos,42,230,GAUSSIAN,Evolution,true,0.05757099618150629,0.031148034637729676,7.0,4.0,10.0,152.07901562168982,0.7117064142680194,1.5,0.008,15.0,27724.1422058639,Evolution,5279,22.4,230,0.8,6.188,23909,315.10723876953125,true,168.04662322998047
zenotof-feces-pos,42,231,GAUSSIAN,Evolution,true,0.07666093318079392,0.06345924703432712,7.0,2.0,7.0,137.99007617125878,0.8136986264039631,1.5,0.003,7.0,14551.67986912347,Evolution,6611,20.1,231,0.8,6.937,29035,287.76190185546875,true,153.90475463867188
zenotof-feces-pos,42,232,GAUSSIAN,Evolution,true,0.06688296374125269,0.07261257837637461,7.0,2.0,7.0,137.99007617125878,0.8136986264039631,1.5,0.003,7.0,15023.035001535154,Evolution,6615,19.3,232,0.8,5.695,29313,287.76190185546875,false,153.8095245361328
zenotof-feces-pos,42,233,GAUSSIAN,Evolution,true,0.05967872837228229,0.04304138811014001,7.0,3.0,6.0,136.19519925979648,0.9001596435788453,1.9516510578632529,0.005,15.0,34182.26553747224,Evolution,6221,17.3,233,0.8,6.386,30169,281.0,true,151.5238037109375
zenotof-feces-pos,42,234,GAUSSIAN,Evolution,true,0.03395516748627193,0.023420868225349736,7.0,3.0,11.0,142.9949245582531,0.8694428666808117,1.940377766217719,0.005,15.0,24082.715928073107,Evolution,4353,19.3,234,0.7,5.212,20354,306.3473205566406,false,159.07342529296875
zenotof-feces-pos,42,235,GAUSSIAN,Evolution,true,0.05266467215361566,0.06345924703432712,7.0,2.0,7.0,137.99007617125878,0.8136986264039631,1.5,0.003,7.0,14550.703093896554,Evolution,6784,20.3,235,0.8,6.227,29639,285.5714416503906,true,153.8095245361328
zenotof-feces-pos,42,236,GAUSSIAN,Evolution,true,0.06688296374125269,0.07159441207714196,7.0,2.0,4.0,137.99007617125878,0.8136986264039631,1.5,0.003,7.0,14261.211442715297,Evolution,8078,21.5,236,1.1,6.555,35149,276.01429748535156,true,152.4142837524414
zenotof-feces-pos,42,237,GAUSSIAN,Evolution,true,0.06688296374125269,0.06345924703432712,7.0,2.0,7.0,137.99007617125878,0.8136986264039631,1.5,0.003,7.0,14961.02080916968,Evolution,6665,19.8,237,0.8,6.187,29314,287.5238037109375,true,153.90475463867188
zenotof-feces-pos,42,238,GAUSSIAN,Evolution,true,0.05967872837228229,0.04304138811014001,7.0,3.0,6.0,136.19519925979648,0.9001596435788453,1.9516510578632529,0.005,15.0,34182.26553747224,Evolution,6221,17.3,238,0.8,6.386,30169,281.0,true,151.5238037109375
zenotof-feces-pos,42,239,GAUSSIAN,Evolution,true,0.026574798859655857,0.03855077556416686,7.0,3.0,8.0,84.03208630188996,0.9001596435788453,1.9675626889980555,0.005,15.0,30236.179130122582,Evolution,8855,21.8,239,1.1,8.1,38994,172.0995635986328,false,93.99783706665039
zenotof-feces-pos,42,240,GAUSSIAN,Evolution,true,0.05967872837228229,0.04304138811014001,7.0,3.0,6.0,136.19519925979648,0.9001596435788453,1.9516510578632529,0.005,15.0,34182.26553747224,Evolution,6221,17.3,240,0.8,6.386,30169,281.0,true,151.5238037109375
zenotof-feces-pos,42,241,GAUSSIAN,Evolution,true,0.026574798859655857,0.03855077556416686,7.0,3.0,8.0,142.9949245582531,0.9001596435788453,1.940377766217719,0.005,15.0,31235.284383899023,Evolution,5321,17.2,241,0.8,5.763,25986,300.48052978515625,true,159.85281372070312
zenotof-feces-pos,42,242,GAUSSIAN,Evolution,true,0.05266467215361566,0.06345924703432712,7.0,2.0,7.0,238.20844572058124,0.8126830890412504,1.5,0.003,7.0,14631.761744966443,Evolution,4056,17.6,242,0.8,4.482,19370,479.57142639160156,false,265.2142791748047
zenotof-feces-pos,42,243,GAUSSIAN,Evolution,true,0.06688296374125269,0.06345924703432712,7.0,2.0,7.0,137.99007617125878,0.8136986264039631,1.5,0.003,7.0,14961.02080916968,Evolution,6665,19.8,243,0.8,6.187,29314,287.5238037109375,true,153.90475463867188
zenotof-feces-pos,42,244,GAUSSIAN,Evolution,true,0.05967872837228229,0.04304138811014001,7.0,3.0,6.0,136.19519925979648,0.9001596435788453,1.9160489105058134,0.005,15.0,33438.039742956,Evolution,6309,17.9,244,0.8,6.287,30345,277.76190185546875,false,151.16666412353516
zenotof-feces-pos,42,245,GAUSSIAN,Evolution,true,0.04890919767649088,0.05100501129924699,7.0,3.0,8.0,142.9949245582531,0.9001596435788453,1.940377766217719,0.005,15.0,33237.64030631879,Evolution,5269,16.6,245,0.8,5.943,25986,301.4502258300781,false,159.86363983154297
zenotof-feces-pos,42,246,GAUSSIAN,Evolution,true,0.049281258086236006,0.03855077556416686,7.0,3.0,8.0,142.9949245582531,0.9001596435788453,1.940377766217719,0.005,15.0,32721.68090510275,Evolution,5304,17.1,246,0.8,6.083,25986,300.902587890625,false,159.86363983154297
zenotof-feces-pos,42,247,GAUSSIAN,Evolution,true,0.05757099618150629,0.031148034637729676,7.0,4.0,10.0,152.07901562168982,0.7117064142680194,1.5,0.008,15.0,27724.1422058639,Evolution,5279,22.4,247,0.8,6.188,23909,315.10723876953125,true,168.04662322998047
zenotof-feces-pos,42,248,GAUSSIAN,Evolution,true,0.04890919767649088,0.05100501129924699,7.0,3.0,8.0,142.9949245582531,0.905428163793913,1.928181341156186,0.005,15.0,33410.60963308051,Evolution,5266,16.6,248,0.7,5.777,25973,301.3008728027344,false,159.86363983154297
zenotof-feces-pos,42,249,GAUSSIAN,Evolution,true,0.05967872837228229,0.04304138811014001,7.0,3.0,6.0,136.19519925979648,0.9001596435788453,1.8775759665837635,0.005,15.0,33886.727967463674,Evolution,6308,17.6,249,0.8,6.416,30489,278.1666717529297,false,151.16666412353516
zenotof-feces-pos,42,250,GAUSSIAN,Evolution,true,0.0737774975456775,0.06345924703432712,7.0,2.0,7.0,139.24128826800734,0.8136986264039631,1.5,0.003,7.0,14535.862880647057,Evolution,6572,19.9,250,0.8,6.02,28931,290.3333435058594,false,155.54761505126953
zenotof-feces-pos,42,251,GAUSSIAN,Evolution,true,0.07666093318079392,0.08130427657567672,7.0,2.0,7.0,137.99007617125878,0.8136986264039631,1.5,0.003,7.0,14768.098081757757,Evolution,6508,19.0,251,0.8,5.689,29037,288.73809814453125,false,153.97618865966797
zenotof-feces-pos,42,252,GAUSSIAN,Evolution,true,0.04890919767649088,0.05100501129924699,7.0,3.0,8.0,83.3700021683297,0.9001596435788453,1.940377766217719,0.005,15.0,32690.203791589473,Evolution,8850,21.2,252,1.1,7.773,39403,171.07575225830078,false,93.38961029052734
zenotof-feces-pos,42,253,GAUSSIAN,Evolution,true,0.06688296374125269,0.06345924703432712,7.0,2.0,7.0,137.99007617125878,0.8136986264039631,1.5,0.003,7.0,14961.02080916968,Evolution,6665,19.8,253,0.8,6.187,29314,287.5238037109375,true,153.90475463867188
zenotof-feces-pos,42,254,GAUSSIAN,Evolution,true,0.06688296374125269,0.07159441207714196,7.0,2.0,5.0,137.99007617125878,0.8136986264039631,1.5,0.003,7.0,14905.562806345892,Evolution,7855,20.8,254,1.0,6.531,34479,281.028564453125,false,153.14285278320312
zenotof-feces-pos,42,255,GAUSSIAN,Evolution,true,0.09192603090182172,0.06752682955573454,7.0,2.0,7.0,137.99007617125878,0.8136986264039631,1.5,0.003,7.0,14329.331607837688,Evolution,6504,19.6,255,0.8,6.094,28784,288.6904754638672,false,153.8095245361328
zenotof-feces-pos,42,256,GAUSSIAN,Evolution,true,0.09043163060061933,0.04304138811014001,7.0,3.0,6.0,237.43467717692903,0.9001596435788453,1.9516510578632529,0.005,15.0,24055.427184466018,Evolution,3579,14.0,256,0.6,4.367,18643,505.0,false,264.76190185546875
zenotof-feces-pos,42,257,GAUSSIAN,Evolution,true,0.09192603090182172,0.06752682955573454,7.0,2.0,6.0,137.99007617125878,0.803834833596027,1.5,0.003,7.0,15098.717872821604,Evolution,6762,19.8,257,0.9,6.469,30068,282.2857208251953,false,152.61904907226562
zenotof-feces-pos,42,258,GAUSSIAN,Evolution,true,0.06688296374125269,0.06345924703432712,7.0,2.0,7.0,137.99007617125878,0.8136986264039631,1.5,0.003,7.0,14961.02080916968,Evolution,6665,19.8,258,0.8,6.187,29314,287.5238037109375,true,153.90475463867188
zenotof-feces-pos,42,259,GAUSSIAN,Evolution,true,0.05460426265257455,0.04304138811014001,7.0,3.0,6.0,136.19519925979648,0.9001596435788453,1.9516510578632529,0.005,15.0,34017.41120318197,Evolution,6225,17.4,259,0.8,6.06,30170,281.0,false,151.5238037109375
zenotof-feces-pos,42,260,GAUSSIAN,Evolution,true,0.09192603090182172,0.06710679368504387,7.0,2.0,7.0,137.99007617125878,0.8136986264039631,1.5529203879937084,0.003,7.0,14356.804981602038,Evolution,6401,20.0,260,0.8,6.266,28264,288.5714416503906,false,153.90475463867188
zenotof-feces-pos,42,261,GAUSSIAN,Evolution,true,0.03671058452781419,0.023420868225349736,7.0,3.0,11.0,142.9949245582531,0.8694428666808117,1.940377766217719,0.005,15.0,24300.756608037733,Evolution,4335,19.0,261,0.7,5.545,20354,306.3473205566406,true,159.07342529296875
zenotof-feces-pos,42,262,GAUSSIAN,Evolution,true,0.06688296374125269,0.06345924703432712,7.0,2.0,7.0,117.29193884593211,0.8136986264039631,1.5,0.003,7.0,13953.098463306915,Evolution,7792,21.4,262,1.0,6.622,33058,244.6666717529297,false,130.42857360839844
zenotof-feces-pos,42,263,GAUSSIAN,Evolution,true,0.05967872837228229,0.04304138811014001,7.0,3.0,6.0,136.19519925979648,0.9001596435788453,1.9781891295352168,0.005,15.0,33468.383038210624,Evolution,6195,17.3,263,0.8,6.226,30044,281.76190185546875,false,151.61904907226562
zenotof-feces-pos,42,264,GAUSSIAN,Evolution,true,0.06688296374125269,0.06345924703432712,7.0,2.0,7.0,137.99007617125878,0.8136986264039631,1.5,0.003,7.0,14961.02080916968,Evolution,6665,19.8,264,0.8,6.187,29314,287.5238037109375,true,153.90475463867188
zenotof-feces-pos,42,265,GAUSSIAN,Evolution,true,0.04890919767649088,0.05100501129924699,7.0,3.0,8.0,142.9949245582531,0.8975668821918839,1.940377766217719,0.005,15.0,33009.802621463714,Evolution,5274,16.6,265,0.8,5.895,26016,301.0995635986328,false,159.86363983154297
zenotof-feces-pos,42,266,GAUSSIAN,Evolution,true,0.06832162095155223,0.06345924703432712,7.0,2.0,7.0,139.24128826800734,0.8136986264039631,1.5,0.003,7.0,14939.196023215083,Evolution,6604,19.7,266,0.8,6.231,29119,289.6666564941406,true,155.57142639160156
zenotof-feces-pos,42,267,GAUSSIAN,Evolution,true,0.04802108133746398,0.04304138811014001,7.0,3.0,6.0,136.19519925979648,0.9425416759325517,1.9516510578632529,0.005,15.0,32691.627893298275,Evolution,6000,17.5,267,0.7,6.313,28903,288.3333435058594,false,152.45238494873047
zenotof-feces-pos,42,268,GAUSSIAN,Evolution,true,0.026574798859655857,0.03855077556416686,7.0,3.0,8.0,142.9949245582531,0.9001596435788453,1.940377766217719,0.005,15.0,31235.284383899023,Evolution,5321,17.2,268,0.8,5.763,25986,300.48052978515625,true,159.85281372070312
zenotof-feces-pos,42,269,GAUSSIAN,Evolution,true,0.05967872837228229,0.04304138811014001,7.0,3.0,6.0,136.19519925979648,0.9001596435788453,1.9516510578632529,0.005,15.0,34182.26553747224,Evolution,6221,17.3,269,0.8,6.386,30169,281.0,true,151.5238037109375
zenotof-feces-pos,42,270,GAUSSIAN,Evolution,true,0.09192603090182172,0.06710679368504387,7.0,2.0,7.0,137.99007617125878,0.8136986264039631,1.5529203879937084,0.003,7.0,14356.804981602038,Evolution,6401,20.0,270,0.8,6.266,28264,288.5714416503906,true,153.90475463867188
zenotof-feces-pos,42,271,GAUSSIAN,Evolution,true,0.04890919767649088,0.05100501129924699,7.0,3.0,8.0,142.9949245582531,0.9001596435788453,1.940377766217719,0.005,15.0,33237.64030631879,Evolution,5269,16.6,271,0.8,5.943,25986,301.4502258300781,true,159.86363983154297
zenotof-feces-pos,42,272,GAUSSIAN,Evolution,true,0.03671058452781419,0.023420868225349736,7.0,3.0,11.0,142.9949245582531,0.8694428666808117,1.940377766217719,0.005,15.0,24300.756608037733,Evolution,4335,19.0,272,0.7,5.545,20354,306.3473205566406,true,159.07342529296875
zenotof-feces-pos,42,273,GAUSSIAN,Evolution,true,0.06688296374125269,0.06437824538257712,7.0,2.0,7.0,137.99007617125878,0.8136986264039631,1.5,0.003,7.0,14961.02080916968,Evolution,6657,19.7,273,0.8,6.15,29314,287.5238037109375,false,153.88095092773438
zenotof-feces-pos,42,274,GAUSSIAN,Evolution,true,0.07666093318079392,0.06345924703432712,7.0,2.0,7.0,137.99007617125878,0.8136986264039631,1.5,0.003,7.0,14551.67986912347,Evolution,6611,20.1,274,0.8,6.937,29035,287.76190185546875,true,153.90475463867188
zenotof-feces-pos,42,275,GAUSSIAN,Evolution,true,0.05757099618150629,0.031148034637729676,7.0,4.0,10.0,152.07901562168982,0.7117064142680194,1.5,0.008,15.0,27724.1422058639,Evolution,5279,22.4,275,0.8,6.188,23909,315.10723876953125,true,168.04662322998047
zenotof-feces-pos,42,276,GAUSSIAN,Evolution,true,0.05266467215361566,0.06345924703432712,7.0,2.0,8.0,91.41838092059876,0.8136986264039631,1.5,0.003,7.0,10143.049167541623,Evolution,8530,25.2,276,1.1,6.648,33335,194.74891662597656,false,102.54545593261719
zenotof-feces-pos,42,277,GAUSSIAN,Evolution,true,0.08087351647539488,0.04304138811014001,7.0,3.0,6.0,136.19519925979648,0.9001596435788453,1.9516510578632529,0.005,15.0,33246.12963335344,Evolution,6157,17.5,277,0.8,6.262,29838,281.3333435058594,false,151.42857360839844
zenotof-feces-pos,42,278,GAUSSIAN,Evolution,true,0.09192603090182172,0.06710679368504387,7.0,2.0,7.0,137.99007617125878,0.8136986264039631,1.5073974103049175,0.003,7.0,14348.135918609109,Evolution,6482,19.5,278,0.8,6.151,28701,288.5,false,153.8095245361328
zenotof-feces-pos,42,279,GAUSSIAN,Evolution,true,0.06688296374125269,0.07159441207714196,7.0,2.0,4.0,137.99007617125878,0.8136986264039631,1.5,0.003,7.0,14261.211442715297,Evolution,8078,21.5,279,1.1,6.555,35149,276.01429748535156,true,152.4142837524414
zenotof-feces-pos,42,280,GAUSSIAN,Evolution,true,0.07565452863699657,0.06345924703432712,7.0,2.0,7.0,167.66318587029807,0.8136986264039631,1.5,0.003,7.0,15543.79809074932,Evolution,5493,19.0,280,0.8,5.129,25036,349.80950927734375,false,186.97618865966797
zenotof-feces-pos,42,281,GAUSSIAN,Evolution,true,0.026574798859655857,0.03855077556416686,7.0,3.0,8.0,142.9949245582531,0.9001596435788453,1.940377766217719,0.005,15.0,31235.284383899023,Evolution,5321,17.2,281,0.8,5.763,25986,300.48052978515625,true,159.85281372070312
zenotof-feces-pos,42,282,GAUSSIAN,Evolution,true,0.07666093318079392,0.06345924703432712,7.0,2.0,7.0,137.99007617125878,0.8136986264039631,1.5,0.003,7.0,14551.67986912347,Evolution,6611,20.1,282,0.8,6.937,29035,287.76190185546875,true,153.90475463867188
zenotof-feces-pos,42,283,GAUSSIAN,Evolution,true,0.04890919767649088,0.05100501129924699,7.0,3.0,8.0,142.9949245582531,0.9001596435788453,1.940377766217719,0.005,15.0,33237.64030631879,Evolution,5269,16.6,283,0.8,5.943,25986,301.4502258300781,true,159.86363983154297
zenotof-feces-pos,42,284,GAUSSIAN,Evolution,true,0.08003333901573824,0.06710679368504387,7.0,2.0,7.0,137.99007617125878,0.8136986264039631,1.5529203879937084,0.003,7.0,14697.408889825152,Evolution,6461,20.0,284,0.8,6.141,28482,287.8571472167969,false,153.90475463867188
zenotof-feces-pos,42,285,GAUSSIAN,Evolution,true,0.05967872837228229,0.04304138811014001,7.0,2.0,6.0,136.19519925979648,0.9001596435788453,1.9516510578632529,0.003,7.0,13314.471502590673,Evolution,5713,18.3,285,0.6,5.943,25669,295.9047546386719,false,153.1904754638672
zenotof-feces-pos,42,286,GAUSSIAN,Evolution,true,0.026574798859655857,0.03855077556416686,7.0,3.0,8.0,142.9949245582531,0.9001596435788453,1.940377766217719,0.005,15.0,31235.284383899023,Evolution,5321,17.2,286,0.8,5.763,25986,300.48052978515625,true,159.85281372070312
zenotof-feces-pos,42,287,GAUSSIAN,Evolution,true,0.05757099618150629,0.031148034637729676,7.0,4.0,10.0,152.07901562168982,0.7202248639880906,1.5,0.008,15.0,27813.0795326046,Evolution,5266,22.4,287,0.8,6.275,23877,315.98951721191406,false,168.0897445678711
zenotof-feces-pos,42,288,GAUSSIAN,Evolution,true,0.05967872837228229,0.04304138811014001,7.0,3.0,6.0,136.19519925979648,0.9001596435788453,1.9516510578632529,0.005,15.0,34182.26553747224,Evolution,6221,17.3,288,0.8,6.386,30169,281.0,true,151.5238037109375
zenotof-feces-pos,42,289,GAUSSIAN,Evolution,true,0.05967872837228229,0.04304138811014001,7.0,3.0,6.0,136.19519925979648,0.9001596435788453,1.9516510578632529,0.005,15.0,34182.26553747224,Evolution,6221,17.3,289,0.8,6.386,30169,281.0,true,151.5238037109375
zenotof-feces-pos,42,290,GAUSSIAN,Evolution,true,0.05967872837228229,0.04304138811014001,7.0,2.0,6.0,136.19519925979648,0.9001596435788453,1.9516510578632529,0.003,7.0,13314.471502590673,Evolution,5713,18.3,290,0.6,5.943,25669,295.9047546386719,true,153.1904754638672
zenotof-feces-pos,42,291,GAUSSIAN,Evolution,true,0.09192603090182172,0.06345924703432712,7.0,2.0,7.0,137.99007617125878,0.7898279027084082,1.5,0.003,7.0,14181.309968954813,Evolution,6614,20.3,291,0.8,6.388,28990,288.6190490722656,false,153.85714721679688
zenotof-feces-pos,42,292,GAUSSIAN,Evolution,true,0.06688296374125269,0.06345924703432712,37.749922004033046,2.0,7.0,137.99007617125878,0.8136986264039631,1.5,0.003,7.0,2043.914342629482,Evolution,5281,21.5,292,5.4,1.407,22590,348.8571472167969,false,164.42857360839844
zenotof-feces-pos,42,293,GAUSSIAN,Evolution,true,0.03671058452781419,0.023420868225349736,7.0,3.0,11.0,59.69316477186321,0.8694428666808117,1.940377766217719,0.005,15.0,18926.313083323963,Evolution,9387,29.4,293,1.1,8.262,35572,132.23309326171875,false,68.31352233886719
zenotof-feces-pos,42,294,GAUSSIAN,Evolution,true,0.06832162095155223,0.06345924703432712,7.0,2.0,8.0,139.24128826800734,0.8136986264039631,1.5,0.003,7.0,12625.099667642637,Evolution,5786,20.2,294,0.8,5.886,25274,297.69480895996094,false,155.82467651367188
zenotof-feces-pos,42,295,GAUSSIAN,Evolution,true,0.04890919767649088,0.06445782746127715,7.0,3.0,7.0,142.9949245582531,0.9001596435788453,1.940377766217719,0.005,15.0,32620.234279141103,Evolution,5848,17.1,295,0.8,5.951,28688,295.5952453613281,false,158.5238037109375
zenotof-feces-pos,42,296,GAUSSIAN,Evolution,true,0.026574798859655857,0.03855077556416686,7.0,3.0,8.0,142.9949245582531,0.9001596435788453,1.940377766217719,0.005,15.0,31235.284383899023,Evolution,5321,17.2,296,0.8,5.763,25986,300.48052978515625,true,159.85281372070312
zenotof-feces-pos,42,297,GAUSSIAN,Evolution,true,0.06688296374125269,0.06345924703432712,7.0,2.0,7.0,137.99007617125878,0.8136986264039631,1.5,0.003,7.0,14961.02080916968,Evolution,6665,19.8,297,0.8,6.187,29314,287.5238037109375,true,153.90475463867188
zenotof-feces-pos,42,298,GAUSSIAN,Evolution,true,0.09192603090182172,0.06710679368504387,7.0,2.0,7.0,137.99007617125878,0.8136986264039631,1.5529203879937084,0.003,7.0,14356.804981602038,Evolution,6401,20.0,298,0.8,6.266,28264,288.5714416503906,true,153.90475463867188
zenotof-feces-pos,42,299,GAUSSIAN,Evolution,true,0.05266467215361566,0.06345924703432712,7.0,2.0,7.0,137.99007617125878,0.8136986264039631,1.5,0.003,7.0,14550.703093896554,Evolution,6784,20.3,299,0.8,6.227,29639,285.5714416503906,true,153.8095245361328
zenotof-feces-pos,42,300,GAUSSIAN,Evolution,true,0.06688296374125269,0.06345924703432712,7.0,2.0,7.0,137.99007617125878,0.8136986264039631,1.5,0.003,7.0,14961.02080916968,Evolution,6665,19.8,300,0.8,6.187,29314,287.5238037109375,true,153.90475463867188
zenotof-feces-pos,42,301,GAUSSIAN,Evolution,true,0.06688296374125269,0.07159441207714196,9.045303637378861,2.0,4.0,137.99007617125878,0.8136986264039631,1.5,0.003,7.0,8245.046416984462,Evolution,8073,21.5,301,1.3,4.726,35138,276.1142883300781,false,152.42857360839844
zenotof-feces-pos,42,302,GAUSSIAN,Evolution,true,0.09192603090182172,0.06710679368504387,7.0,2.0,7.0,137.99007617125878,0.8449050463394947,1.5529203879937084,0.003,7.0,14450.200350550866,Evolution,6267,19.4,302,0.7,5.634,27956,288.9047546386719,false,153.90475463867188
zenotof-feces-pos,42,303,GAUSSIAN,Evolution,true,0.07666093318079392,0.06345924703432712,8.55947035240137,2.0,7.0,110.77158162564683,0.8136986264039631,1.5,0.003,7.0,8662.498566064512,Evolution,8095,22.1,303,1.3,5.285,33823,231.76190185546875,false,123.71428680419922
zenotof-feces-pos,42,304,GAUSSIAN,Evolution,true,0.05967872837228229,0.04304138811014001,7.0,3.0,6.0,136.19519925979648,0.9001596435788453,1.9516510578632529,0.005,15.0,34182.26553747224,Evolution,6221,17.3,304,0.8,6.386,30169,281.0,true,151.5238037109375
zenotof-feces-pos,42,305,GAUSSIAN,Evolution,true,0.026574798859655857,0.03855077556416686,7.0,3.0,8.0,142.9949245582531,0.9001596435788453,2.091201711469395,0.005,15.0,31017.052687245377,Evolution,5219,16.8,305,0.8,5.865,25528,302.7229309082031,false,160.1666717529297
zenotof-feces-pos,42,306,GAUSSIAN,Evolution,true,0.04890919767649088,0.05100501129924699,7.0,3.0,7.0,142.9949245582531,0.9001596435788453,1.940377766217719,0.005,15.0,31897.929803771218,Evolution,5885,17.3,306,0.8,6.706,28691,294.8571472167969,false,158.54761505126953
zenotof-feces-pos,42,307,GAUSSIAN,Evolution,true,0.06688296374125269,0.06345924703432712,7.0,2.0,7.0,137.99007617125878,0.8136986264039631,1.5,0.003,7.0,14961.02080916968,Evolution,6665,19.8,307,0.8,6.187,29314,287.5238037109375,true,153.90475463867188
zenotof-feces-pos,42,308,GAUSSIAN,Evolution,true,0.06688296374125269,0.04645724960573641,7.0,2.0,7.0,81.63561376916144,0.8136986264039631,1.5,0.003,7.0,10290.339550127323,Evolution,11321,27.5,308,1.2,8.136,42412,167.2857208251953,false,91.04762268066406
zenotof-feces-pos,42,309,GAUSSIAN,Evolution,true,0.09192603090182172,0.06710679368504387,7.0,2.0,7.0,137.99007617125878,0.8136986264039631,1.5529203879937084,0.003,7.0,14356.804981602038,Evolution,6401,20.0,309,0.8,6.266,28264,288.5714416503906,true,153.90475463867188
zenotof-feces-pos,42,310,GAUSSIAN,Evolution,true,0.03671058452781419,0.023420868225349736,33.503841908278744,2.0,11.0,142.9949245582531,0.8694428666808117,1.940377766217719,0.003,7.0,1195.461332440576,Evolution,2147,23.7,310,2.1,1.106,8961,517.2564086914062,false,189.53729248046875
zenotof-feces-pos,42,311,GAUSSIAN,Evolution,true,0.04610770540648298,0.04304138811014001,7.0,3.0,6.0,369.4445075149343,0.9001596435788453,1.9516510578632529,0.005,15.0,16477.911102632585,Evolution,2426,12.5,311,0.6,3.816,13105,769.1190490722656,false,418.95237731933594
zenotof-feces-pos,42,312,GAUSSIAN,Evolution,true,0.06688296374125269,0.06345924703432712,7.0,2.0,7.0,137.99007617125878,0.8136986264039631,1.5,0.003,7.0,14961.02080916968,Evolution,6665,19.8,312,0.8,6.187,29314,287.5238037109375,true,153.90475463867188
zenotof-feces-pos,42,313,GAUSSIAN,Evolution,true,0.026574798859655857,0.03855077556416686,7.0,3.0,8.0,142.9949245582531,0.9001596435788453,1.940377766217719,0.005,15.0,31235.284383899023,Evolution,5321,17.2,313,0.8,5.763,25986,300.48052978515625,true,159.85281372070312
zenotof-feces-pos,42,314,GAUSSIAN,Evolution,true,0.06688296374125269,0.06345924703432712,7.0,2.0,7.0,310.77458593721707,0.8136986264039631,1.5,0.003,7.0,13412.622337662338,Evolution,3079,15.1,314,0.8,3.982,15400,621.90478515625,false,348.3571319580078
zenotof-feces-pos,42,315,GAUSSIAN,Evolution,true,0.05757099618150629,0.031148034637729676,112.23246718175298,4.0,10.0,152.07901562168982,0.7117064142680194,1.5,0.008,15.0,489.7737694894528,Evolution,1814,35.4,315,21.0,0.382,6542,643.5524597167969,false,250.96969604492188
zenotof-feces-pos,42,316,GAUSSIAN,Evolution,true,0.07200645018686214,0.04304138811014001,7.0,3.0,6.0,136.19519925979648,0.864063991055246,1.9516510578632529,0.005,15.0,33034.34885712404,Evolution,6283,17.5,316,0.8,6.561,30362,279.80950927734375,false,151.35713958740234
zenotof-feces-pos,42,317,GAUSSIAN,Evolution,true,0.05967872837228229,0.04304138811014001,7.0,3.0,6.0,136.19519925979648,0.9057545165311149,1.9516510578632529,0.005,15.0,34223.92901316664,Evolution,6197,17.2,317,0.8,6.215,30076,281.71429443359375,false,151.5238037109375
zenotof-feces-pos,42,318,GAUSSIAN,Evolution,true,0.05067652968802924,0.07159441207714196,7.0,2.0,4.0,137.99007617125878,0.8136986264039631,1.5,0.003,7.0,13257.708161514405,Evolution,8348,21.9,318,1.1,6.804,36133,272.8000030517578,false,152.21428680419922
zenotof-feces-pos,42,319,GAUSSIAN,Evolution,true,0.04890919767649088,0.041480809563553676,7.0,3.0,8.0,142.9949245582531,0.8973622071027104,1.940377766217719,0.005,15.0,32632.14097932201,Evolution,5301,17.0,319,0.8,6.046,26018,300.8052062988281,false,159.8744659423828
zenotof-feces-pos,42,320,GAUSSIAN,Evolution,true,0.06832162095155223,0.06345924703432712,7.0,2.0,8.0,139.24128826800734,0.8136986264039631,1.5,0.003,7.0,12625.099667642637,Evolution,5786,20.2,320,0.8,5.886,25274,297.69480895996094,true,155.82467651367188
zenotof-feces-pos,42,321,GAUSSIAN,Evolution,true,0.06688296374125269,0.06541444997592505,7.0,2.0,7.0,137.99007617125878,0.8136986264039631,1.5,0.003,7.0,14955.816327226828,Evolution,6654,19.7,321,0.8,5.842,29313,287.5238037109375,false,153.90475463867188
zenotof-feces-pos,42,322,GAUSSIAN,Evolution,true,0.10711357996509427,0.06345924703432712,7.0,2.0,7.0,137.99007617125878,0.8136986264039631,1.5,0.003,7.0,13744.950823720323,Evolution,6407,19.6,322,0.8,5.98,28347,288.952392578125,false,153.90475463867188
zenotof-feces-pos,42,323,GAUSSIAN,Evolution,true,0.03671058452781419,0.023420868225349736,7.0,3.0,11.0,142.9949245582531,0.8666454302046769,1.940377766217719,0.005,15.0,24342.034743350672,Evolution,4342,19.1,323,0.7,5.011,20378,306.4347381591797,false,159.07342529296875
zenotof-feces-pos,42,324,GAUSSIAN,Evolution,true,0.05967872837228229,0.04304138811014001,7.0,3.0,6.0,136.19519925979648,0.9001596435788453,1.9516510578632529,0.005,15.0,34182.26553747224,Evolution,6221,17.3,324,0.8,6.386,30169,281.0,true,151.5238037109375
zenotof-feces-pos,42,325,GAUSSIAN,Evolution,true,0.04890919767649088,0.040796081837153435,7.0,3.0,8.0,142.9949245582531,0.9001596435788453,1.940377766217719,0.005,15.0,32854.227699530515,Evolution,5297,17.0,325,0.8,6.598,25986,300.8701171875,false,159.86363983154297
zenotof-feces-pos,42,326,GAUSSIAN,Evolution,true,0.06688296374125269,0.059555228381362305,7.0,2.0,7.0,137.99007617125878,0.8109011899278282,1.5,0.003,7.0,14938.389131175469,Evolution,6703,20.0,326,0.8,6.008,29350,287.5238037109375,false,153.88095092773438
zenotof-feces-pos,42,327,GAUSSIAN,Evolution,true,0.05757099618150629,0.031148034637729676,7.0,4.0,10.0,149.57659142819267,0.7117064142680194,1.5,0.008,15.0,28139.010105593137,Evolution,5371,22.7,327,0.8,5.308,24244,309.8484802246094,false,165.8135223388672
zenotof-feces-pos,42,328,GAUSSIAN,Evolution,true,0.06688296374125269,0.06345924703432712,7.0,2.0,7.0,137.99007617125878,0.8136986264039631,1.5,0.003,7.0,14961.02080916968,Evolution,6665,19.8,328,0.8,6.187,29314,287.5238037109375,true,153.90475463867188
zenotof-feces-pos,42,329,GAUSSIAN,Evolution,true,0.04890919767649088,0.040796081837153435,7.0,3.0,8.0,125.76581924646729,0.9001596435788453,1.940377766217719,0.005,15.0,32985.78105233892,Evolution,6008,18.0,329,0.9,6.523,28774,263.3809509277344,false,140.09091186523438
zenotof-feces-pos,42,330,GAUSSIAN,Evolution,true,0.026574798859655857,0.03855077556416686,7.0,3.0,8.0,142.9949245582531,0.9001596435788453,1.940377766217719,0.005,15.0,31235.284383899023,Evolution,5321,17.2,330,0.8,5.763,25986,300.48052978515625,true,159.85281372070312
zenotof-feces-pos,42,331,GAUSSIAN,Evolution,true,0.05967872837228229,0.04304138811014001,7.0,3.0,6.0,59.15043453472701,0.9001596435788453,1.9516510578632529,0.005,15.0,26937.630000173995,Evolution,14214,26.2,331,1.4,10.096,57473,120.71428680419922,false,66.57142639160156
zenotof-feces-pos,42,332,GAUSSIAN,Evolution,true,0.05757099618150629,0.01937525000017723,7.0,4.0,10.0,149.57659142819267,0.7268138588125038,1.5,0.008,15.0,27195.99838776354,Evolution,5446,24.0,332,0.8,5.58,24190,306.75640869140625,false,165.60955810546875
zenotof-feces-pos,42,333,GAUSSIAN,Evolution,true,0.05967872837228229,0.04304138811014001,7.0,3.0,6.0,136.19519925979648,0.9057545165311149,1.9516510578632529,0.005,15.0,34223.92901316664,Evolution,6197,17.2,333,0.8,6.215,30076,281.71429443359375,true,151.5238037109375
zenotof-feces-pos,42,334,GAUSSIAN,Evolution,true,0.06688296374125269,0.06345924703432712,7.0,2.0,7.0,137.99007617125878,0.8136986264039631,1.5,0.003,7.0,14961.02080916968,Evolution,6665,19.8,334,0.8,6.187,29314,287.5238037109375,true,153.90475463867188
zenotof-feces-pos,42,335,GAUSSIAN,Evolution,true,0.04890919767649088,0.040796081837153435,7.0,3.0,8.0,125.76581924646729,0.9001596435788453,1.940377766217719,0.005,15.0,32985.78105233892,Evolution,6008,18.0,335,0.9,6.523,28774,263.3809509277344,true,140.09091186523438
zenotof-feces-pos,42,336,GAUSSIAN,Evolution,true,0.05967872837228229,0.04304138811014001,7.0,3.0,6.0,136.19519925979648,0.9057545165311149,1.9516510578632529,0.005,15.0,34223.92901316664,Evolution,6197,17.2,336,0.8,6.215,30076,281.71429443359375,true,151.5238037109375
zenotof-feces-pos,42,337,GAUSSIAN,Evolution,true,0.06688296374125269,0.06345924703432712,7.0,2.0,7.0,110.5103236809694,0.8136986264039631,1.5,0.003,7.0,13423.502868235022,Evolution,8255,21.9,337,1.0,6.816,34516,228.4761962890625,false,123.19047546386719
zenotof-feces-pos,42,338,GAUSSIAN,Evolution,true,0.04890919767649088,0.044777893431706926,7.0,3.0,8.0,142.9949245582531,0.9001596435788453,1.940377766217719,0.005,15.0,32876.71981066728,Evolution,5290,16.9,338,0.8,5.942,25986,300.902587890625,false,159.86363983154297
zenotof-feces-pos,42,339,GAUSSIAN,Evolution,true,0.06688296374125269,0.06345924703432712,7.0,2.0,7.0,137.99007617125878,0.8136986264039631,1.5,0.003,7.0,14961.02080916968,Evolution,6665,19.8,339,0.8,6.187,29314,287.5238037109375,true,153.90475463867188
zenotof-feces-pos,42,340,GAUSSIAN,Evolution,true,0.04890919767649088,0.040796081837153435,7.0,3.0,6.0,142.9949245582531,0.9239060007847972,1.940377766217719,0.005,15.0,31796.80508149234,Evolution,5900,17.4,340,0.8,5.998,28653,296.0,false,158.85713958740234
zenotof-feces-pos,42,341,GAUSSIAN,Evolution,true,0.05757099618150629,0.031148034637729676,7.0,4.0,10.0,149.57659142819267,0.7117064142680194,1.5,0.008,15.0,28139.010105593137,Evolution,5371,22.7,341,0.8,5.308,24244,309.8484802246094,true,165.8135223388672
zenotof-feces-pos,42,342,GAUSSIAN,Evolution,true,0.06688296374125269,0.050160919866369336,7.0,2.0,6.0,154.58452834476194,0.8136986264039631,1.5,0.003,7.0,16286.638199093068,Evolution,6223,20.0,342,0.8,5.54,27786,314.71429443359375,false,171.9285659790039
zenotof-feces-pos,42,343,GAUSSIAN,Evolution,true,0.04890919767649088,0.040796081837153435,7.0,3.0,8.0,125.76581924646729,0.9001596435788453,1.940377766217719,0.005,15.0,32985.78105233892,Evolution,6008,18.0,343,0.9,6.523,28774,263.3809509277344,true,140.09091186523438
zenotof-feces-pos,42,344,GAUSSIAN,Evolution,true,0.06688296374125269,0.050160919866369336,7.0,2.0,6.0,154.58452834476194,0.8136986264039631,1.5,0.003,7.0,16286.638199093068,Evolution,6223,20.0,344,0.8,5.54,27786,314.71429443359375,true,171.9285659790039
zenotof-feces-pos,42,345,GAUSSIAN,Evolution,true,0.04890919767649088,0.040796081837153435,7.0,3.0,8.0,142.9949245582531,0.9001596435788453,1.940377766217719,0.005,15.0,32854.227699530515,Evolution,5297,17.0,345,0.8,6.598,25986,300.8701171875,true,159.86363983154297
zenotof-feces-pos,42,346,GAUSSIAN,Evolution,true,0.06688296374125269,0.050160919866369336,7.0,2.0,7.0,172.62446560452057,0.8136986264039631,1.5,0.003,7.0,16126.31265458379,Evolution,5458,19.9,346,0.7,5.205,24663,359.6428527832031,false,192.35713958740234
zenotof-feces-pos,42,347,GAUSSIAN,Evolution,true,0.06688296374125269,0.06345924703432712,7.0,2.0,7.0,137.99007617125878,0.8136986264039631,1.5,0.003,7.0,14961.02080916968,Evolution,6665,19.8,347,0.8,6.187,29314,287.5238037109375,true,153.90475463867188
zenotof-feces-pos,42,348,GAUSSIAN,Evolution,true,0.04890919767649088,0.044777893431706926,7.0,3.0,8.0,324.47494886089623,0.9001596435788453,1.940377766217719,0.005,15.0,17961.20824278756,Evolution,2458,12.3,348,0.5,3.61,13345,687.7619018554688,false,367.4805145263672
zenotof-feces-pos,42,349,GAUSSIAN,Evolution,true,0.05967872837228229,0.04304138811014001,7.0,3.0,6.0,86.52633015686496,0.9057545165311149,1.9516510578632529,0.005,15.0,32189.50766331947,Evolution,9882,22.2,349,1.0,8.6,43519,172.38095092773438,false,95.9047622680664
zenotof-feces-pos,42,350,GAUSSIAN,Evolution,true,0.06688296374125269,0.06345924703432712,7.0,2.0,7.0,137.99007617125878,0.8136986264039631,1.5,0.003,7.0,14961.02080916968,Evolution,6665,19.8,350,0.8,6.187,29314,287.5238037109375,true,153.90475463867188
zenotof-feces-pos,42,351,GAUSSIAN,Evolution,true,0.05757099618150629,0.031148034637729676,7.0,3.0,10.0,149.57659142819267,0.6523756908536547,1.5,0.005,15.0,27779.47327458409,Evolution,5440,23.6,351,0.9,5.556,24284,305.34498596191406,false,165.45687866210938
zenotof-feces-pos,42,352,GAUSSIAN,Evolution,true,0.04890919767649088,0.044777893431706926,7.0,3.0,8.0,142.9949245582531,0.9001596435788453,1.940377766217719,0.005,15.0,32876.71981066728,Evolution,5290,16.9,352,0.8,5.942,25986,300.902587890625,true,159.86363983154297
zenotof-feces-pos,42,353,GAUSSIAN,Evolution,true,0.026574798859655857,0.03693538560575743,7.0,3.0,8.0,142.9949245582531,0.9001596435788453,1.940377766217719,0.005,15.0,31184.872200415608,Evolution,5330,17.4,353,0.8,5.84,25986,300.3744659423828,false,159.8354949951172
zenotof-feces-pos,42,354,GAUSSIAN,Evolution,true,0.04890919767649088,0.017343751626489518,7.0,3.0,8.0,142.9949245582531,0.9001596435788453,1.940377766217719,0.005,15.0,30502.875240514124,Evolution,5526,20.4,354,0.8,7.543,25986,294.8636474609375,false,159.09090423583984
zenotof-feces-pos,42,355,GAUSSIAN,Evolution,true,0.04890919767649088,0.04160303924625979,7.0,3.0,8.0,142.9949245582531,0.9001596435788453,1.940377766217719,0.005,15.0,32863.223620410994,Evolution,5296,17.0,355,0.8,7.041,25986,300.902587890625,false,159.887451171875
zenotof-feces-pos,42,356,GAUSSIAN,Evolution,true,0.05967872837228229,0.04304138811014001,7.0,3.0,6.0,136.19519925979648,0.9057545165311149,1.9516510578632529,0.005,15.0,34223.92901316664,Evolution,6197,17.2,356,0.8,6.215,30076,281.71429443359375,true,151.5238037109375
zenotof-feces-pos,42,357,GAUSSIAN,Evolution,true,0.05757099618150629,0.031148034637729676,7.0,4.0,10.0,149.57659142819267,0.6954325927693361,1.5,0.008,15.0,28150.611794724064,Evolution,5391,22.9,357,0.8,6.798,24299,307.927734375,false,165.7156219482422
zenotof-feces-pos,42,358,GAUSSIAN,Evolution,true,0.05967872837228229,0.04304138811014001,7.0,3.0,6.0,136.19519925979648,0.9057545165311149,1.9516510578632529,0.005,15.0,34223.92901316664,Evolution,6197,17.2,358,0.8,6.215,30076,281.71429443359375,true,151.5238037109375
zenotof-feces-pos,42,359,GAUSSIAN,Evolution,true,0.04890919767649088,0.040796081837153435,7.0,3.0,8.0,142.9949245582531,0.9001596435788453,1.940377766217719,0.005,15.0,32854.227699530515,Evolution,5297,17.0,359,0.8,6.598,25986,300.8701171875,true,159.86363983154297
zenotof-feces-pos,42,360,GAUSSIAN,Evolution,true,0.04890919767649088,0.040796081837153435,7.0,3.0,8.0,125.76581924646729,0.9001596435788453,1.940377766217719,0.005,15.0,32985.78105233892,Evolution,6008,18.0,360,0.9,6.523,28774,263.3809509277344,true,140.09091186523438
zenotof-feces-pos,42,361,GAUSSIAN,Evolution,true,0.05967872837228229,0.04304138811014001,7.0,3.0,6.0,136.19519925979648,0.9057545165311149,1.9516510578632529,0.005,15.0,34223.92901316664,Evolution,6197,17.2,361,0.8,6.215,30076,281.71429443359375,true,151.5238037109375
zenotof-feces-pos,42,362,GAUSSIAN,Evolution,true,0.026574798859655857,0.03855077556416686,7.0,3.0,8.0,142.9949245582531,0.9001596435788453,1.940377766217719,0.005,15.0,31235.284383899023,Evolution,5321,17.2,362,0.8,5.763,25986,300.48052978515625,true,159.85281372070312
zenotof-feces-pos,42,363,GAUSSIAN,Evolution,true,0.04890919767649088,0.026028388982991486,7.0,3.0,8.0,142.9949245582531,0.9001596435788453,1.8422838352789737,0.005,15.0,32382.985498972368,Evolution,5394,17.5,363,0.8,8.449,26274,297.822509765625,false,159.3419952392578
zenotof-feces-pos,42,364,GAUSSIAN,Evolution,true,0.05967872837228229,0.04304138811014001,7.0,3.0,6.0,136.19519925979648,0.9057545165311149,1.9516510578632529,0.005,15.0,34223.92901316664,Evolution,6197,17.2,364,0.8,6.215,30076,281.71429443359375,true,151.5238037109375
zenotof-feces-pos,42,365,GAUSSIAN,Evolution,true,0.04890919767649088,0.040796081837153435,7.0,3.0,8.0,142.9949245582531,0.9001596435788453,1.940377766217719,0.005,15.0,32854.227699530515,Evolution,5297,17.0,365,0.8,6.598,25986,300.8701171875,true,159.86363983154297
zenotof-feces-pos,42,366,GAUSSIAN,Evolution,true,0.05967872837228229,0.04304138811014001,7.0,3.0,6.0,136.19519925979648,0.9057545165311149,1.9516510578632529,0.005,15.0,34223.92901316664,Evolution,6197,17.2,366,0.8,6.215,30076,281.71429443359375,true,151.5238037109375
zenotof-feces-pos,42,367,GAUSSIAN,Evolution,true,0.05967872837228229,0.04304138811014001,7.0,3.0,6.0,136.19519925979648,0.9057545165311149,1.9516510578632529,0.005,15.0,34223.92901316664,Evolution,6197,17.2,367,0.8,6.215,30076,281.71429443359375,true,151.5238037109375
zenotof-feces-pos,42,368,GAUSSIAN,Evolution,true,0.06688296374125269,0.050160919866369336,7.0,2.0,6.0,154.58452834476194,0.8136986264039631,1.5,0.003,7.0,16286.638199093068,Evolution,6223,20.0,368,0.8,5.54,27786,314.71429443359375,true,171.9285659790039
zenotof-feces-pos,42,369,GAUSSIAN,Evolution,true,0.04890919767649088,0.05100501129924699,7.0,3.0,8.0,207.78345299300585,0.9001596435788453,1.940377766217719,0.005,15.0,26692.373166926678,Evolution,3711,14.5,369,0.6,12.941,19230,442.047607421875,false,232.02597045898438
zenotof-feces-pos,42,370,GAUSSIAN,Evolution,true,0.04890919767649088,0.05100501129924699,7.0,3.0,8.0,142.9949245582531,0.9100314831424815,1.940377766217719,0.005,15.0,33194.433000850535,Evolution,5244,16.5,370,0.7,16.622,25866,302.080078125,false,159.92208099365234
zenotof-feces-pos,42,371,GAUSSIAN,Evolution,true,0.04890919767649088,0.040796081837153435,7.0,3.0,8.0,142.9949245582531,0.9001596435788453,1.940377766217719,0.005,15.0,32854.227699530515,Evolution,5297,17.0,371,0.8,6.598,25986,300.8701171875,true,159.86363983154297
zenotof-feces-pos,42,372,GAUSSIAN,Evolution,true,0.06688296374125269,0.050160919866369336,7.0,2.0,7.0,154.58452834476194,0.8136986264039631,1.5,0.003,7.0,15220.555414819506,Evolution,6072,20.4,372,0.7,9.511,26843,319.95237731933594,false,172.54761505126953
zenotof-feces-pos,42,373,GAUSSIAN,Evolution,true,0.05757099618150629,0.031148034637729676,20.409619664448805,4.0,10.0,149.57659142819267,0.7117064142680194,1.5,0.008,15.0,4755.025460886895,Evolution,4625,24.8,373,1.8,3.591,20070,338.44989013671875,false,167.89044189453125
zenotof-feces-pos,42,374,GAUSSIAN,Evolution,true,0.05967872837228229,0.04304138811014001,7.0,3.0,6.0,136.19519925979648,0.9057545165311149,1.9516510578632529,0.005,15.0,34223.92901316664,Evolution,6197,17.2,374,0.8,6.215,30076,281.71429443359375,true,151.5238037109375
zenotof-feces-pos,42,375,GAUSSIAN,Evolution,true,0.06688296374125269,0.06345924703432712,7.0,2.0,7.0,137.99007617125878,0.8136986264039631,1.5,0.003,7.0,14961.02080916968,Evolution,6665,19.8,375,0.8,6.187,29314,287.5238037109375,true,153.90475463867188
zenotof-feces-pos,42,376,GAUSSIAN,Evolution,true,0.04890919767649088,0.044777893431706926,7.0,3.0,8.0,142.9949245582531,0.9001596435788453,1.940377766217719,0.005,15.0,32876.71981066728,Evolution,5290,16.9,376,0.8,5.942,25986,300.902587890625,true,159.86363983154297
zenotof-feces-pos,42,377,GAUSSIAN,Evolution,true,0.05757099618150629,0.031148034637729676,7.0,4.0,10.0,206.47899047312006,0.7117064142680194,1.5,0.008,15.0,22643.684906273702,Evolution,3923,20.0,377,0.7,6.561,18458,423.4545593261719,false,232.79837036132812
zenotof-feces-pos,42,378,GAUSSIAN,Evolution,true,0.04890919767649088,0.017343751626489518,7.0,3.0,8.0,142.9949245582531,0.9001596435788453,1.940377766217719,0.005,15.0,30502.875240514124,Evolution,5526,20.4,378,0.8,7.543,25986,294.8636474609375,true,159.09090423583984
zenotof-feces-pos,42,379,GAUSSIAN,Evolution,true,0.04890919767649088,0.044777893431706926,7.0,2.0,8.0,142.9949245582531,0.9001596435788453,1.940377766217719,0.003,7.0,11463.292270983438,Evolution,4733,18.1,379,0.7,6.303,21374,324.7662353515625,false,162.7272720336914
zenotof-feces-pos,42,380,GAUSSIAN,Evolution,true,0.0794340628597576,0.040796081837153435,7.0,3.0,8.0,125.76581924646729,0.9001596435788453,1.8957826427556639,0.005,15.0,33820.27696214862,Evolution,5942,17.5,380,0.9,7.254,28744,263.6904754638672,false,140.0259780883789
zenotof-feces-pos,42,381,GAUSSIAN,Evolution,true,0.04890919767649088,0.040796081837153435,7.0,3.0,9.0,125.76581924646729,0.9001596435788453,1.940377766217719,0.005,15.0,31255.77,Evolution,5761,18.2,381,0.9,10.739,27300,267.2640686035156,false,140.77488708496094
zenotof-feces-pos,42,382,GAUSSIAN,Evolution,true,0.05967872837228229,0.05198168090243257,7.0,3.0,6.0,136.19519925979648,0.9057545165311149,1.9516510578632529,0.005,15.0,34369.15816597952,Evolution,6176,16.9,382,0.8,7.569,30076,281.8333282470703,false,151.61904907226562
zenotof-feces-pos,42,383,GAUSSIAN,Evolution,true,0.06688296374125269,0.050160919866369336,7.0,2.0,6.0,154.58452834476194,0.8486591486815676,1.5,0.003,7.0,16476.997042176376,Evolution,6047,19.4,383,0.8,14.1,27385,315.28570556640625,false,171.88095092773438
zenotof-feces-pos,42,384,GAUSSIAN,Evolution,true,0.04890919767649088,0.044777893431706926,7.0,3.0,8.0,74.80307430862716,0.9001596435788453,1.940377766217719,0.005,15.0,31571.46486779725,Evolution,9763,22.5,384,1.1,13.45,42397,155.45887756347656,false,84.23809814453125
zenotof-feces-pos,42,385,GAUSSIAN,Evolution,true,0.06979978468087399,0.04304138811014001,7.0,3.0,6.0,219.32146403667048,0.9057545165311149,1.8828493055447484,0.005,15.0,28552.771657041314,Evolution,3910,13.8,385,0.6,5.987,20259,464.0714416503906,false,246.76190185546875
zenotof-feces-pos,42,386,GAUSSIAN,Evolution,true,0.028707571100449032,0.03855077556416686,7.0,3.0,8.0,142.9949245582531,0.9001596435788453,1.940377766217719,0.005,15.0,31283.54283075502,Evolution,5319,17.2,386,0.8,8.809,25986,300.6320495605469,false,159.8354949951172
zenotof-feces-pos,42,387,GAUSSIAN,Evolution,true,0.04890919767649088,0.040796081837153435,7.0,3.0,8.0,125.76581924646729,0.9001596435788453,1.8846435303550584,0.005,15.0,33282.01763467578,Evolution,6040,18.0,387,0.9,7.312,28977,262.597412109375,false,140.01082611083984
zenotof-feces-pos,42,388,GAUSSIAN,Evolution,true,0.05967872837228229,0.04304138811014001,7.0,3.0,6.0,139.5950619090248,0.9057545165311149,1.9516510578632529,0.005,15.0,33191.03090335493,Evolution,6101,17.6,388,0.8,10.487,29479,287.19049072265625,false,155.04762268066406
zenotof-feces-pos,42,389,GAUSSIAN,Evolution,true,0.05757099618150629,0.031148034637729676,29.067155640643822,4.0,10.0,149.57659142819267,0.7117064142680194,1.5,0.008,15.0,2871.545609397944,Evolution,4054,25.7,389,3.2,1.426,17025,368.6864776611328,false,172.39510345458984
zenotof-feces-pos,42,390,GAUSSIAN,Evolution,true,0.04890919767649088,0.040796081837153435,7.0,3.0,8.0,142.9949245582531,0.9001596435788453,1.940377766217719,0.005,15.0,32854.227699530515,Evolution,5297,17.0,390,0.8,6.598,25986,300.8701171875,true,159.86363983154297
zenotof-feces-pos,42,391,GAUSSIAN,Evolution,true,0.06688296374125269,0.050160919866369336,7.0,2.0,6.0,154.58452834476194,0.8486591486815676,1.5,0.003,7.0,16476.997042176376,Evolution,6047,19.4,391,0.8,14.1,27385,315.28570556640625,true,171.88095092773438
zenotof-feces-pos,42,392,GAUSSIAN,Evolution,true,0.04890919767649088,0.040796081837153435,7.0,3.0,8.0,142.9949245582531,0.9339629961265341,1.940377766217719,0.005,15.0,33623.78914041475,Evolution,5142,16.9,392,0.7,6.99,25268,305.66233825683594,false,160.2597427368164
zenotof-feces-pos,42,393,GAUSSIAN,Evolution,true,0.05757099618150629,0.031148034637729676,7.0,4.0,10.0,149.57659142819267,0.7117064142680194,1.5,0.008,15.0,28139.010105593137,Evolution,5371,22.7,393,0.8,5.308,24244,309.8484802246094,true,165.8135223388672
zenotof-feces-pos,42,394,GAUSSIAN,Evolution,true,0.04890919767649088,0.05100501129924699,7.0,3.0,8.0,142.9949245582531,0.9001596435788453,1.940377766217719,0.005,15.0,33237.64030631879,Evolution,5269,16.6,394,0.8,5.943,25986,301.4502258300781,true,159.86363983154297
zenotof-feces-pos,42,395,GAUSSIAN,Evolution,true,0.04890919767649088,0.017343751626489518,7.0,3.0,8.0,142.9949245582531,0.9001596435788453,1.940377766217719,0.005,15.0,30502.875240514124,Evolution,5526,20.4,395,0.8,7.543,25986,294.8636474609375,true,159.09090423583984
zenotof-feces-pos,42,396,GAUSSIAN,Evolution,true,0.04890919767649088,0.05100501129924699,7.0,3.0,8.0,139.42493374717893,0.9001596435788453,1.940377766217719,0.005,15.0,32961.93253339371,Evolution,5404,17.0,396,0.8,7.385,26502,292.3679656982422,false,155.32467651367188
zenotof-feces-pos,42,397,GAUSSIAN,Evolution,true,0.06688296374125269,0.050160919866369336,7.0,2.0,6.0,154.58452834476194,0.8842261763140044,1.5,0.003,7.0,17050.39075183977,Evolution,5582,17.4,397,0.8,13.897,26362,317.3333435058594,false,172.35713958740234
zenotof-feces-pos,42,398,GAUSSIAN,Evolution,true,0.04890919767649088,0.044777893431706926,7.0,3.0,8.0,263.91713714762216,0.9001596435788453,1.940377766217719,0.005,15.0,21826.46550855992,Evolution,2990,13.1,398,0.5,12.04,15888,558.8809509277344,false,295.35064697265625
zenotof-feces-pos,42,399,GAUSSIAN,Evolution,true,0.05967872837228229,0.05198168090243257,7.0,2.0,6.0,136.19519925979648,0.9057545165311149,1.9602370258769521,0.003,7.0,13295.640507518798,Evolution,5662,17.8,399,0.6,9.815,25536,296.5952453613281,false,153.4047622680664
zenotof-feces-pos,42,400,GAUSSIAN,Evolution,true,0.05967872837228229,0.04304138811014001,7.0,2.0,6.0,139.5950619090248,0.9057545165311149,1.9516510578632529,0.003,7.0,13466.10967869893,Evolution,5561,17.6,400,0.6,8.119,25210,305.28570556640625,false,157.5238037109375
zenotof-feces-pos,42,401,GAUSSIAN,Evolution,true,0.04890919767649088,0.040796081837153435,7.0,3.0,8.0,125.76581924646729,0.9001596435788453,1.940377766217719,0.005,15.0,32985.78105233892,Evolution,6008,18.0,401,0.9,6.523,28774,263.3809509277344,true,140.09091186523438
